지방청,경찰서,관서명,구분,주소
서울청,서울중부,을지,지구대,서울특별시 중구  을지로 234
서울청,서울중부,광희,지구대,서울특별시 중구  퇴계로 375-1
서울청,서울중부,약수,지구대,"서울특별시 중구  동호로 5길 15, 약수지구대"
서울청,서울중부,신당,파출소,"서울특별시 중구  다산로 248 (신당동, 신당파출소)"
서울청,서울중부,장충,파출소,서울특별시 중구  동호로 261
서울청,서울중부,충무,파출소,서울특별시 중구  퇴계로 178
서울청,서울중부,을지로3가,파출소,서울특별시 중구 충무로56-1
서울청,서울종로,종로2가,지구대,서울특별시 종로구  종로17길 4 종로2가파출소
서울청,서울종로,관수,파출소,서울특별시 종로구  삼일대로 386
서울청,서울종로,세검정,파출소,서울특별시 종로구  세검정로 226 
서울청,서울종로,평창,파출소,서울특별시 종로구  평창문화로 46
서울청,서울종로,삼청,파출소,서울특별시 종로구  삼청로 66
서울청,서울종로,통의,파출소,서울특별시 종로구  효자로 9
서울청,서울종로,청운,파출소,서울특별시 종로구  자하문로 92-1
서울청,서울종로,옥인,파출소,서울특별시 종로구  자하문로17길 24
서울청,서울종로,교남,파출소,서울특별시 종로구  송월길 167(교북동 10-38)
서울청,서울종로,세종로,파출소,서울특별시 중구  세종대로 141
서울청,서울종로,신문로,파출소,서울특별시 종로구  경희궁길 6-3
서울청,서울종로,사직,파출소,서울특별시 종로구  사직로9길 1
서울청,서울종로,청진,파출소,서울특별시 종로구  삼봉로 33 청진파출소
서울청,서울남대문,태평로,파출소,서울특별시 중구  다동길 11
서울청,서울남대문,서울역,파출소,서울특별시 중구  통일로 13
서울청,서울남대문,명동,파출소,서울특별시 중구  명동길 30 명동파출소
서울청,서울남대문,남대문,파출소,서울특별시 중구  남대문시장4길 28-16
서울청,서울남대문,중림,파출소,서울특별시 중구  중림로 36
서울청,서울남대문,회현,파출소,서울특별시 중구  퇴계로6길 3-10
서울청,서울남대문,서소문,파출소,서울특별시 중구  서소문로 131-1 서소문파출소
서울청,서울서대문,충정로,지구대,서울특별시 서대문구  독립문로 25-1
서울청,서울서대문,신촌,지구대,서울특별시 서대문구  신촌역로 22
서울청,서울서대문,홍은,파출소,서울특별시 서대문구 세검정로1길 112
서울청,서울서대문,연희,파출소,서울특별시 서대문구  연희로25길 73
서울청,서울서대문,남가좌,파출소,서울특별시 서대문구  가재울로4길 51
서울청,서울서대문,북가좌,파출소,서울특별시 서대문구  증가로 244
서울청,서울서대문,홍제,파출소,서울특별시 서대문구  통일로 441-1
서울청,서울서대문,홍은2,파출소,서울특별시 서대문구  연희로 298
서울청,서울혜화,혜화,파출소,서울특별시 종로구  창경궁로 279 
서울청,서울혜화,대학로,파출소,서울특별시 종로구  이화장2길 33
서울청,서울혜화,명륜,파출소,서울특별시 종로구  성균관로 78
서울청,서울혜화,창신,파출소,서울특별시 종로구  지봉로13길 20-12
서울청,서울혜화,동묘,파출소,서울특별시 종로구  종로58가길 19 동묘파출소
서울청,서울혜화,덕산,파출소,서울특별시 종로구  창신길 98
서울청,서울혜화,종로5가,파출소,서울특별시 종로구  동호로 407
서울청,서울혜화,효제,파출소,서울특별시 종로구  종로41나길 24-6
서울청,서울용산,원효,지구대,서울특별시 용산구  백범로 329
서울청,서울용산,용중,지구대,"서울특별시 용산구  후암로16나길 17, 용중지구대"
서울청,서울용산,이태원,파출소,서울특별시 용산구  이태원로 184
서울청,서울용산,한남,파출소,"서울특별시 용산구  대사관로34길 53, 한남파출소"
서울청,서울용산,보광,파출소,"서울특별시 용산구  보광로 25-1, 보광파출소"
서울청,서울용산,용산역,파출소,"서울특별시 용산구  한강대로198-2, 용산역파출소"
서울청,서울용산,한강로,지구대,서울특별시 용산구  서빙고로67
서울청,서울성북,돈암,지구대,서울특별시 성북구  아리랑로5길 54
서울청,서울성북,안암,지구대,서울특별시 성북구  지봉로21길 45
서울청,서울성북,길음,지구대,서울특별시 성북구  삼양로13길 51 길음지구대
서울청,서울성북,정릉,파출소,서울특별시 성북구  솔샘로 111
서울청,서울성북,정릉2,파출소,서울특별시 성북구  정릉로26길 6 정릉2파출소
서울청,서울성북,성북,파출소,서울특별시 성북구  성북로 94  성북파출소
서울청,서울동대문,답십리,지구대,서울시 동대문구 사가정로 2길 9
서울청,서울동대문,용신,지구대,서울특별시 동대문구  청계천로549
서울청,서울동대문,청량리,파출소,서울특별시 동대문구 약령시로21길 15
서울청,서울동대문,제기,파출소,서울특별시 동대문구 약령시로 17길 59-11
서울청,서울동대문,전농1,파출소,서울특별시 동대문구 서울시립대로 56
서울청,서울동대문,전농2,파출소,서울특별시 동대문구 전농로38다길 21
서울청,서울동대문,장안1,파출소,서울특별시 동대문구 한천로20길 7
서울청,서울동대문,장안2,파출소,서울특별시 동대문구  답십리로 69길 100
서울청,서울동대문,이문,지구대,서울특별시 동대문구  한천로 402
서울청,서울동대문,휘경,파출소,서울특별시 동대문구  한천로 266
서울청,서울동대문,회기,파출소,서울특별시 동대문구  회기로18길 2
서울청,서울마포,서강,지구대,"서울특별시 마포구  독막로22길 8(창전동, 서강지구대)"
서울청,서울마포,공덕,지구대,서울특별시 마포구 마포대로 195-1
서울청,서울마포,월드컵,지구대,서울특별시 마포구  월드컵북로 30길 24
서울청,서울마포,홍익,지구대,서울특별시 마포구  양화로11길 63
서울청,서울마포,용강,지구대,서울특별시 마포구 토정로31길 35
서울청,서울마포,상암,파출소,서울특별시 마포구  매봉산로 76
서울청,서울마포,망원,파출소,서울특별시 마포구  망원로2길 63
서울청,서울마포,연남,파출소,서울특별시 마포구  연남로 4
서울청,서울영등포,중앙,지구대,서울특별시 영등포구  영등포로46길 14
서울청,서울영등포,여의도,지구대,서울특별시 영등포구  여의공원로 120 여의도지구대
서울청,서울영등포,문래,지구대,서울특별시 영등포구  경인로 759
서울청,서울영등포,신풍,지구대,서울특별시 영등포구 신길동 4533-16
서울청,서울영등포,신길,지구대,서울특별시 영등포구  신길로60다길 16 
서울청,서울영등포,양평,파출소,서울특별시 영등포구  선유로 95
서울청,서울영등포,당산,지구대,서울특별시 영등포구  당산로 221
서울청,서울영등포,대림,지구대,서울특별시 영등포구  대림로23길 16-1
서울청,서울영등포,대림3,파출소,서울특별시 영등포구 대림로 197
서울청,서울영등포,영등포역,파출소,서울특별시 영등포구 경인로102길 13
서울청,서울성동,한양,지구대,서울특별시 성동구  사근동길 5
서울청,서울성동,성수,지구대,서울특별시 성동구  광나루로2길 35 성수지구대
서울청,서울성동,서울숲,지구대,서울특별시 성동구  성덕정길 77-2
서울청,서울성동,왕십리,파출소,서울특별시 성동구  마장로 205
서울청,서울성동,행당,파출소,서울특별시 성동구  행당로 89
서울청,서울성동,옥수,파출소,서울특별시 성동구  독서당로 211
서울청,서울성동,금호,파출소,서울특별시 성동구  금호로11길 2-1
서울청,서울성동,응봉,파출소,서울특별시 성동구  독서당로 373 응봉파출소
서울청,서울성동,용답,파출소,서울특별시 성동구  용답중앙길 49 용답파출소
서울청,서울동작,사당,지구대,서울특별시 동작구  동작대로9길 35
서울청,서울동작,노량진,지구대,서울특별시 동작구  등용로12나길 2
서울청,서울동작,상도,지구대,서울특별시 동작구  등용로 24 
서울청,서울동작,남성,지구대,서울특별시 동작구 사당로17나길 4
서울청,서울동작,흑석,지구대,서울특별시 동작구 노량진로 248
서울청,서울동작,신대방,지구대,서울특별시 동작구 신대방1다길 24
서울청,서울동작,대방,파출소,서울특별시 동작구 여의대방로 130
서울청,서울광진,광나루,지구대,서울특별시 광진구 아차산로 567
서울청,서울광진,화양,지구대,서울특별시 광진구  능동로17길 39 화양지구대
서울청,서울광진,중곡1,파출소,서울특별시 광진구 능동로 385
서울청,서울광진,중곡2,파출소,서울특별시 광진구  능동로 346
서울청,서울광진,중곡3,파출소,서울특별시 광진구 동일로76가길 28
서울청,서울광진,중곡4,파출소,서울특별시 광진구  용마산로24길 7
서울청,서울광진,자양,파출소,서울특별시 광진구 뚝섬로36길 9
서울청,서울광진,자양1,파출소,서울특별시 광진구  자양번영로 80
서울청,서울광진,자양4,파출소,서울특별시 광진구  뚝섬로22가길 43번지 자양4파출소
서울청,서울광진,구의,파출소,서울특별시 광진구 광나루로 43길 26 구의파출소
서울청,서울서부,응암,지구대,서울특별시 은평구  은평로 171
서울청,서울서부,신사,지구대,서울특별시 은평구  은평터널로5길 6호
서울청,서울서부,녹번,파출소,서울특별시 은평구  진흥로 진흥로200
서울청,서울서부,응암3,파출소,서울특별시 은평구  응암로 208 
서울청,서울서부,역촌,파출소,서울특별시 은평구  연서로 61
서울청,서울강북,미아,지구대,서울특별시 강북구 도봉로 127
서울청,서울강북,솔샘,지구대,서울특별시 강북구 오현로 4
서울청,서울강북,수유1,파출소,서울특별시 강북구  삼양로 305
서울청,서울강북,수유2,파출소,서울특별시 강북구 삼각산로 115
서울청,서울강북,수유3,파출소,서울특별시 강북구  한천로150길 76
서울청,서울강북,인수,파출소,서울특별시 강북구 인수봉로 227
서울청,서울강북,번동,파출소,서울특별시 강북구  한천로 969
서울청,서울강북,번3,파출소,서울특별시 강북구  월계로 227
서울청,서울강북,삼양,파출소,서울특별시 강북구  삼양로 239-1
서울청,서울금천,금천,파출소,서울특별시 금천구 시흥대로57길 45
서울청,서울금천,문성,지구대,서울특별시 금천구  독산로 76길 20
서울청,서울금천,백산,지구대,서울특별시 금천구  탑골로2길 37 백산지구대
서울청,서울금천,가산,파출소,서울특별시 금천구  벚꽃로56길 174
서울청,서울금천,독산,파출소,서울특별시 금천구  벚꽃로10길 89
서울청,서울중랑,망우,지구대,서울특별시 중랑구  망우로 391
서울청,서울중랑,중화,지구대,서울특별시 중랑구  중랑천로 146
서울청,서울중랑,용마,지구대,서울특별시 중랑구 동일로 566
서울청,서울중랑,봉화,지구대,서울특별시 중랑구  신내로 177
서울청,서울중랑,면목본동,파출소,서울특별시 중랑구  상봉로 27
서울청,서울중랑,면목삼팔,파출소,서울특별시 중랑구  사가정로41길 45 (면목3.8파출소)
서울청,서울중랑,상봉,파출소,서울특별시 중랑구  중랑천로 69 상봉파출소
서울청,서울중랑,먹골,파출소,서울특별시 중랑구 숙선옹주로7길 1
서울청,서울강남,역삼,지구대,서울특별시 강남구 영동대로112길 4
서울청,서울강남,논현1,파출소,서울특별시 강남구 선릉로626
서울청,서울강남,논현2,파출소,서울특별시 강남구  학동로95길 19
서울청,서울강남,삼성1,파출소,서울특별시 강남구  도산대로 143
서울청,서울강남,삼성2,파출소,서울특별시 강남구  학동로169
서울청,서울강남,청담,파출소,서울특별시 강남구  학동로 227 논현2파출소
서울청,서울강남,신사,파출소,서울특별시 강남구 압구정로311
서울청,서울강남,압구정,파출소,서울특별시 강남구 테헤란로114길 11(강남경찰서)
서울청,서울관악,당곡,지구대,서울특별시 관악구  남부순환로191길 12 당곡지구대
서울청,서울관악,낙성대,지구대,"서울특별시 관악구  봉천로 540, 낙성대지구대"
서울청,서울관악,신림,지구대,서울특별시 관악구  남부순환로188길 12 신림지구대
서울청,서울관악,관악산,지구대,서울특별시 관악구  신림로 178 관악산지구대
서울청,서울관악,구암,지구대,서울특별시 관악구 은천로 93
서울청,서울관악,남현,파출소,서울특별시 관악구  남현1가길 29 남현파출소
서울청,서울관악,난우,파출소,서울특별시 관악구  난곡로64 난우파출소
서울청,서울관악,미성,파출소,서울특별시 관악구  난곡로64가길 31
서울청,서울관악,신사,지구대,서울특별시 관악구  신사로 106
서울청,서울강서,화곡,지구대,서울특별시 강서구  화곡로 310
서울청,서울강서,공항,지구대,서울특별시 강서구  방화동로 5 공항지구대
서울청,서울강서,까치산,지구대,서울특별시 강서구  강서로7길 39
서울청,서울강서,가양,지구대,서울특별시 강서구 화곡로65길 63
서울청,서울강서,곰달래,지구대,서울특별시 강서구  곰달래로59길 12
서울청,서울강서,방화3,파출소,서울특별시 강서구  금낭화로26길 16
서울청,서울강서,염창,지구대,서울특별시 강서구  공항대로59다길 80
서울청,서울강서,등촌2,파출소,서울특별시 강서구  등촌로 167 등촌2파출소
서울청,서울강서,발산,지구대,서울특별시 강서구  수명로2길 46 발산파출소
서울청,서울강서,화곡3,파출소,서울특별시 강서구  강서로45다길 71
서울청,서울강동,천호,지구대,"서울특별시 강동구  구천면로 141, 천호지구대"
서울청,서울강동,길동,지구대,서울특별시 강동구 양재대로96길 35
서울청,서울강동,성내,지구대,서울특별시 강동구  성내로 57 성내지구대 
서울청,서울강동,암사,지구대,서울특별시 강동구  고덕로 137 암사지구대
서울청,서울강동,둔촌,파출소,서울특별시 강동구  진황도로 239 둔촌파출소
서울청,서울강동,명일,파출소,서울특별시 강동구 동남로 895 명일파출소
서울청,서울강동,강일,파출소,서울특별시 강동구  아리수로91길 20
서울청,서울강동,고덕,파출소,서울특별시 강동구  고덕로 61길61
서울청,서울강동,상일,파출소,서울특별시 강동구 고덕로 80길 7
서울청,서울종암,석관,파출소,서울특별시 성북구  화랑로32가길 20 석관파출소
서울청,서울종암,장위,지구대,서울특별시 성북구  화랑로19길 85 장위지구대
서울청,서울종암,월곡,지구대,서울특별시 성북구  종암로32길 5 월곡지구대
서울청,서울종암,종암,파출소,서울특별시 성북구  종암로23길 52
서울청,서울구로,신구로,지구대,서울특별시 구로구 새말로 26 신구로지구대
서울청,서울구로,오류,지구대,서울특별시 구로구  고척로1길 34 오류지구대
서울청,서울구로,구일,지구대,서울특별시 구로구  도림로 63 구일지구대
서울청,서울구로,고척,지구대,서울특별시 구로구 중앙로 15길 30 고척지구대
서울청,서울구로,개봉,지구대,서울특별시 구로구  개봉로18길 5 개봉지구대
서울청,서울구로,구로3,파출소,서울특별시 구로구  디지털로31길 86 구로3파출소
서울청,서울구로,가리봉,파출소,서울특별시 구로구 남부순환로 1275 가리봉파출소
서울청,서울구로,천왕,파출소,서울특별시 구로구 오리로 1102-8
서울청,서울서초,반포,지구대,서울특별시 서초구 신반포로190
서울청,서울서초,서초2,파출소,서울 서초구 서운로 38
서울청,서울서초,서초3,파출소,서울 서초구 반포대로30길 40
서울청,서울서초,양재,파출소,서울 서초구 남부순환로356길 9
서울청,서울서초,서초,파출소,서울 서초구 효령로 297
서울청,서울서초,우면,파출소,서울 서초구 바우뫼로 45
서울청,서울서초,내곡,파출소,서울특별시 서초구 헌릉로 226
서울청,서울양천,목1,지구대,서울특별시 양천구  목동동로 373
서울청,서울양천,목2,지구대,서울특별시 양천구  등촌로 166
서울청,서울양천,신정1,지구대,서울특별시 양천구  중앙로32길 65
서울청,서울양천,신정2,지구대,서울특별시 양천구 목동로17길 5
서울청,서울양천,신월2,지구대,서울특별시 양천구 지양로 55
서울청,서울양천,신월1,파출소,서울특별시 양천구  남부순환로59길 8 
서울청,서울양천,신정3,파출소,서울특별시 양천구  중앙로 205
서울청,서울양천,신월5,파출소,서울특별시 양천구  남부순환로31길 37
서울청,서울송파,방이,지구대,서울특별시 송파구  양재대로71길 5-6
서울청,서울송파,잠실,지구대,서울특별시 송파구  올림픽로 101
서울청,서울송파,삼전,지구대,서울특별시 송파구  백제고분로 238
서울청,서울송파,가락,지구대,서울특별시 송파구  중대로 179
서울청,서울송파,문정,지구대,서울특별시 송파구 충민로2길 18
서울청,서울송파,마천,파출소,서울특별시 송파구  마천로 41길 8
서울청,서울송파,거여,파출소,서울특별시 송파구 새말로15길 9
서울청,서울송파,풍납,파출소,서울특별시 송파구  토성로 64
서울청,서울송파,오금,파출소,서울특별시 송파구  마천로8길 17
서울청,서울송파,신천,파출소,서울특별시 송파구  올림픽로35길 12 
서울청,서울송파,위례,파출소,서울특별시 송파구 위례순환로 369
서울청,서울노원,당현,지구대,서울특별시 노원구  노원로17길 64번지
서울청,서울노원,월계,지구대,서울특별시 노원구  월계로55길 58
서울청,서울노원,화랑,지구대,서울특별시 노원구  동일로 1034
서울청,서울노원,노원역,지구대,서울특별시 노원구 노원로431
서울청,서울노원,불암,지구대,서울특별시 노원구  한글비석로 277
서울청,서울노원,마들,지구대,서울특별시 노원구  한글비석로 489 마들지구대
서울청,서울노원,당고개,파출소,서울특별시 노원구  상계로35길 29(임시청사)
서울청,서울노원,상계1,파출소,서울특별시 노원구  동일로 1693
서울청,서울방배,남태령,지구대,서울특별시 서초구  동작대로 34 남태령지구대
서울청,서울방배,서래,파출소,서울특별시 서초구  신반포로 16길 15-14
서울청,서울방배,이수,파출소,서울특별시 서초구  동광로19길 38
서울청,서울방배,방배1,파출소,서울특별시 서초구  방배로16길 16-8
서울청,서울은평,불광,지구대,서울특별시 은평구  연서로 290
서울청,서울은평,연신내,지구대,서울특별시 은평구  갈현로 195
서울청,서울은평,진관,파출소,서울특별시 은평구  진관3로 38 진관파출소
서울청,서울은평,대조,파출소,서울특별시 은평구  통일로 737
서울청,서울도봉,창동,지구대,서울특별시 도봉구 노해로 392
서울청,서울도봉,신창,파출소,서울특별시 도봉구  도봉로104길 49-5
서울청,서울도봉,방학,파출소,서울특별시 도봉구  도봉로145길 45 방학파출소
서울청,서울도봉,신방학,파출소,서울특별시 도봉구  시루봉로5길 10
서울청,서울도봉,도봉1,파출소,서울특별시 도봉구  도봉로169길 43 도봉1파출소
서울청,서울도봉,도봉2,파출소,서울특별시 도봉구 도봉로 180나길 33
서울청,서울도봉,쌍문,파출소,서울특별시 도봉구  방학로3길 132
서울청,서울도봉,숭미,파출소,서울특별시 도봉구  노해로 139 숭미파출소
서울청,서울수서,도곡,지구대,서울특별시 강남구  언주로 426
서울청,서울수서,대치,지구대,서울특별시 강남구  삼성로 203
서울청,서울수서,수서,파출소,서울특별시 강남구  밤고개로1길 48
서울청,서울수서,대왕,파출소,서울특별시 강남구  헌릉로 623
서울청,서울수서,일원,지구대,서울특별시 강남구  일원로3길 35 일원파출소
서울청,서울수서,개포,지구대,서울특별시 강남구  개포로 261(1268)
부산청,부산중부,남포,지구대,부산광역시 중구  해관로 19
부산청,부산중부,영주,파출소,부산광역시 중구  동영로 77
부산청,부산중부,부평,파출소,부산광역시 중구  보수대로44번길 27
부산청,부산중부,보수,파출소,부산광역시 중구  흑교로 77
부산청,부산중부,대청,파출소,부산광역시 중구  중구로 103-1
부산청,부산동래,내성,지구대,부산광역시 동래구  동래로 109
부산청,부산동래,충렬,지구대,부산광역시 동래구  반송로 207
부산청,부산동래,온천,지구대,부산광역시 동래구  금강공원로 70
부산청,부산동래,사직,지구대,부산광역시 동래구  중앙대로1277번길 41
부산청,부산동래,온천3,파출소,부산광역시 동래구  석사북로 93
부산청,부산동래,낙민,파출소,부산광역시 동래구  온천천로 359
부산청,부산영도,동삼,지구대,부산광역시 영도구  태종로 618 동삼지구대
부산청,부산영도,영선,지구대,부산광역시 영도구  남항시장길 328
부산청,부산영도,청학,파출소,부산광역시 영도구  태종로 395
부산청,부산영도,대교,파출소,부산광역시 영도구  태종로 81(대교동2가)
부산청,부산동부,초량,지구대,부산광역시 동구  초량상로 65번길2
부산청,부산동부,수성,지구대,부산광역시 동구  망양로 811
부산청,부산동부,자성대,파출소,부산광역시 동구  자성공원로 15
부산청,부산동부,좌천,파출소,부산광역시 동구  중앙대로 491-4
부산청,부산동부,범곡,파출소,부산광역시 동구  범상로 10-1
부산청,부산진,양정,지구대,부산광역시 부산진구  동평로 342
부산청,부산진,부전,지구대,부산광역시 부산진구  부전로 185
부산청,부산진,서면,지구대,부산광역시 부산진구  신암로 56
부산청,부산진,당감,지구대,부산광역시 부산진구  당감로 17-1
부산청,부산진,성지,지구대,부산광역시 부산진구  성지로113번길 27
부산청,부산진,가야,지구대,부산광역시 부산진구  가야공원로 10
부산청,부산진,부암,지구대,부산광역시 부산진구  신천대로 283
부산청,부산진,범천1,파출소,부산광역시 부산진구  중앙번영로 10
부산청,부산진,전포,파출소,부산광역시 부산진구  전포대로 165
부산청,부산진,개금,파출소,부산광역시 부산진구 백양대로208번길 137
부산청,부산서부,송도,지구대,부산광역시 서구 충무대로 84
부산청,부산서부,구덕,지구대,부산광역시 서구  보수대로 258-5
부산청,부산서부,충무,지구대,부산광역시 서구  구덕로118번길 13
부산청,부산서부,아미,파출소,부산광역시 서구  해돋이로 267
부산청,부산남부,문현,지구대,부산광역시 남구  전포대로 20번길 47
부산청,부산남부,용호,지구대,부산광역시 남구  분포로 1
부산청,부산남부,대연,지구대,부산광역시 남구  수영로 328
부산청,부산남부,광남,지구대,부산광역시 수영구  수영로554번길 52
부산청,부산남부,광민,지구대,부산광역시 수영구  광안해변로295번길 22
부산청,부산남부,못골,파출소,부산광역시 남구 진남로 46번길 37
부산청,부산남부,우암,파출소,부산광역시 남구  우암로 170
부산청,부산남부,용당,파출소,부산광역시 남구 신선로 318
부산청,부산남부,감만,파출소,부산광역시 남구 우암로86
부산청,부산해운대,재송,지구대,부산광역시 해운대구 해운대로161번길 17
부산청,부산해운대,우동,지구대,부산광역시 해운대구  해운대로 398
부산청,부산해운대,중동,지구대,부산광역시 해운대구  좌동순환로433번길 32
부산청,부산해운대,좌동,지구대,부산광역시 해운대구  좌동순환로 185
부산청,부산해운대,반여,지구대,부산광역시 해운대구  선수촌로21번길 64
부산청,부산해운대,송정,파출소,부산광역시 해운대구  송정중앙로8번길 65 송정파출소
부산청,부산해운대,반석,파출소,부산광역시 해운대구  아랫반송로 6
부산청,부산해운대,반송,파출소,부산광역시 해운대구  신반송로 177(반송동)
부산청,부산해운대,반여2·3,파출소,부산광역시 해운대구  재반로 197
부산청,부산사상,주례,지구대,부산광역시 사상구  주례로 141
부산청,부산사상,학장,파출소,부산광역시 사상구  학감대로 123번길 4
부산청,부산사상,감전,지구대,부산광역시 사상구  가야대로 39
부산청,부산사상,삼락,지구대,부산광역시 사상구  모덕로 13
부산청,부산사상,덕포,파출소,부산광역시 사상구  삼덕로 73번길 46
부산청,부산사상,엄궁,파출소,부산광역시 사상구 낙동대로 740
부산청,부산금정,부곡,지구대,부산광역시 금정구  부곡로 136 (부곡동) 부곡지구대
부산청,부산금정,장전,지구대,부산광역시 금정구  금정로 49 (장전동) 장전지구대
부산청,부산금정,범어,지구대,부산광역시 금정구  팔송로39길 56 (남산동) 범어지구대
부산청,부산금정,서금,지구대,부산광역시 금정구  반송로 482-1 (금사동) 서금지구대
부산청,부산금정,팔송,파출소,부산광역시 금정구  중앙대로 2106 (청룡동) 팔송파출소
부산청,부산사하,괴정,지구대,부산광역시 사하구  낙동대로 264
부산청,부산사하,하단,지구대,부산광역시 사하구  하신중앙로 316
부산청,부산사하,감천,지구대,부산광역시 사하구  감천로103
부산청,부산사하,다대,지구대,부산광역시 사하구  다송로 46
부산청,부산사하,신평,파출소,부산광역시 사하구  하신중앙로 171
부산청,부산사하,장림,파출소,부산광역시 사하구  다대로 239
부산청,부산연제,토곡,지구대,부산광역시 연제구 과정로164번길 16
부산청,부산연제,연일,지구대,부산광역시 연제구 반송로 18
부산청,부산연제,거제,지구대,부산광역시 연제구 거제대로178번길 51-1
부산청,부산연제,연산,파출소,부산광역시 연제구 연수로 207
부산청,부산연제,망미1,파출소,부산광역시 수영구 망미로8번길 74
부산청,부산연제,수영망미2,파출소,부산광역시 수영구 수영성로 36-1 (수영동)
부산청,부산강서,가락,파출소,부산광역시 강서구  가락대로 1465
부산청,부산강서,강동,파출소,부산광역시 강서구  제도로 1191
부산청,부산강서,대저,파출소,부산광역시 강서구  대저로 284
부산청,부산강서,공항,파출소,부산광역시 강서구  공항진입로 39
부산청,부산강서,녹산,파출소,부산광역시 강서구  낙동남로604번길 2-17
부산청,부산강서,신호,파출소,부산광역시 강서구 녹산산단335로 12-22
부산청,부산강서,명지,파출소,부산광역시 강서구  명지국제2로28번길 13
부산청,부산강서,가덕도,파출소,부산광역시 강서구 동선길 134
부산청,부산강서,지사,파출소,부산광역시 강서구 과학산단2로20번길 7-20
부산청,부산북부,덕천,지구대,부산광역시 북구  금곡대로 66-8
부산청,부산북부,구포,지구대,부산광역시 북구  시랑로79번길 3
부산청,부산북부,만덕,지구대,부산광역시 북구  은행나무로36번가길 24
부산청,부산북부,화명,지구대,부산광역시 북구  용당로 6
부산청,부산북부,금곡,파출소,부산광역시 북구  금곡대로 462
부산청,부산기장,기장,지구대,부산광역시 기장군 기장읍 차성동로 94-6 
부산청,부산기장,일광,파출소,부산광역시 기장군 일광면 일광로 77-15 
부산청,부산기장,장안,파출소,부산광역시 기장군 장안읍 해맞이로 5 
부산청,부산기장,정관,지구대,부산광역시 기장군 정관읍 용수로 17 
부산청,부산기장,철마,파출소,부산광역시 기장군 철마면 철마로 473 
대구청,대구중부,서문,지구대,대구광역시 중구  국채보상로 99길 12
대구청,대구중부,동덕,지구대,대구광역시 중구 국채보상로 140길 16
대구청,대구중부,남산,지구대,대구광역시 중구  달구벌대로 2048
대구청,대구중부,중앙,파출소,대구광역시 중구  중앙대로 81길 88
대구청,대구동부,큰고개,지구대,대구광역시 동구  효목로19길 143
대구청,대구동부,동촌,지구대,대구광역시 동구  해동로 184
대구청,대구동부,안심,지구대,대구광역시 동구  반야월로 219
대구청,대구동부,남신암,지구대,대구광역시 동구  대현로 126 
대구청,대구동부,동대구,지구대,대구광역시 동구  동대구로85길 53 
대구청,대구동부,팔공,파출소,대구광역시 동구 팔공로 197길 47
대구청,대구동부,공산,파출소,대구광역시 동구 파계로 546
대구청,대구동부,봉무불로,파출소,대구광역시 동구 위남로9
대구청,대구동부,동내혁신,파출소,대구 동구 동내로 120
대구청,대구서부,평산,지구대,대구광역시 서구  달서로26길 1
대구청,대구서부,서도,지구대,대구광역시 서구  국채보상로 260
대구청,대구서부,이현,지구대,대구광역시 서구  국채보상로 117
대구청,대구서부,비원,지구대,대구광역시 서구  고성로 83
대구청,대구서부,내당4동,파출소,대구광역시 서구  달구벌대로 1737
대구청,대구남부,봉천,지구대,대구광역시 남구  봉덕로 87
대구청,대구남부,동대명,지구대,대구광역시 남구  양지로 100
대구청,대구남부,서대명,파출소,대구광역시 남구 대명남로 177
대구청,대구남부,대명,파출소,대구광역시 남구  두류공원로 113
대구청,대구남부,남대명,파출소,대구광역시 남구  대명남로 55
대구청,대구북부,노원,지구대,대구광역시 북구  오봉로 122
대구청,대구북부,복현,지구대,대구광역시 북구  경진로1길 50
대구청,대구북부,고성,지구대,대구광역시 북구  침산로 24
대구청,대구북부,산격,지구대,대구광역시 북구  연암로 114
대구청,대구수성,고산,지구대,대구광역시 수성구  고산로 150
대구청,대구수성,황금,지구대,대구광역시 수성구  청수로 245
대구청,대구수성,만촌,지구대,대구광역시 수성구  무열로 111
대구청,대구수성,상동,지구대,대구광역시 수성구  들안로 54
대구청,대구수성,지산,지구대,대구광역시 수성구  지범로 155
대구청,대구수성,범어,지구대,대구광역시 수성구  동대구로 313
대구청,대구수성,파동,파출소,대구광역시 수성구  파동로 2길 30
대구청,대구달서,월배,지구대,대구광역시 달서구  월배로 108
대구청,대구달서,상인,지구대,대구광역시 달서구  상인서로 36
대구청,대구달서,송현,지구대,대구광역시 달서구  학산로 184
대구청,대구달서,월성,파출소,대구광역시 달서구  월성로 69
대구청,대구달서,대곡,파출소,대구광역시 달서구  갈밭로 51
대구청,대구성서,신당,지구대,대구광역시 달서구  선원로 62
대구청,대구성서,죽전,파출소,대구광역시 달서구  용산로 212
대구청,대구성서,성당,파출소,대구광역시 달서구  구마로39길 83-16
대구청,대구성서,두류3동,파출소,대구광역시 달서구  야외음악당로 202
대구청,대구성서,성서,파출소,대구광역시 달서구  달구벌대로 1327
대구청,대구성서,용산,파출소,대구광역시 달서구  선원로 276
대구청,대구성서,두류,파출소,대구광역시 달서구  야외음악당로 280
대구청,대구성서,감삼,파출소,대구광역시 달서구  달구벌대로 1606
대구청,대구달성,가창,파출소,대구광역시 달성군 가창면 가창로 1076
대구청,대구달성,공단,파출소,대구광역시 달성군 논공읍 논공중앙로33길 7
대구청,대구달성,논공,파출소,대구광역시 달성군 논공읍 비슬로 1788
대구청,대구달성,구지,파출소,대구광역시 달성군 구지면 창리로11길 51
대구청,대구달성,화남,파출소,대구광역시 달성군 화원읍 비슬로 2480
대구청,대구달성,화원,파출소,대구광역시 달성군 화원읍 명천로 100
대구청,대구달성,옥포,파출소,대구광역시 달성군 옥포읍 비슬로 2294 
대구청,대구달성,다사,지구대,대구광역시 달성군 다사읍 세천로 100 
대구청,대구달성,현풍,파출소,대구광역시 달성군 현풍읍 현풍중앙로 70
대구청,대구달성,유가,파출소,대구광역시 달성군 유가읍 테크노상업로 99
대구청,대구달성,하빈,파출소,대구광역시 달성군 하빈면 달구벌대로 55길 58-4
대구청,대구강북,동천,지구대,대구광역시 북구  구암로 157
대구청,대구강북,강북,지구대,대구광역시 북구  동암로 171 
대구청,대구강북,무태,파출소,대구광역시 북구  서변로 62
대구청,대구강북,관문,파출소,대구광역시 북구 한강로 103
인천청,인천중부,신흥,지구대,인천광역시 중구  서해대로 399
인천청,인천중부,송림,지구대,인천광역시 동구  송림로 46-1
인천청,인천중부,하인천,지구대,인천광역시 중구  제물량로 266
인천청,인천중부,공항,지구대,인천광역시 중구  흰바위로27번길 12
인천청,인천중부,연안,파출소,인천광역시 중구  연안부두로 22 
인천청,인천중부,영흥,파출소,인천광역시 옹진군 영흥면 영흥북로 29
인천청,인천중부,북도,파출소,인천광역시 옹진군 시도로 61번길 91
인천청,인천중부,대청,파출소,인천광역시 옹진군 대청로 7번길 9
인천청,인천중부,연평,파출소,인천광역시 옹진군 연평면 연평로137번길 5
인천청,인천중부,백령,파출소,인천광역시 옹진군 백령면 백령로278번길 57
인천청,인천중부,덕적,파출소,인천광역시 옹진군 덕적면 덕적북로 117번길
인천청,인천중부,용유,파출소,인천광역시 중구 마시란로 314-20 
인천청,인천중부,송현,파출소,인천광역시 동구  수문통로 77
인천청,인천중부,동인천,파출소,인천광역시 중구  참외전로 119
인천청,인천중부,서흥,파출소,인천광역시 동구  샛골로 195 
인천청,인천중부,영종,지구대,인천광역시 중구 하늘달빛로 118
인천청,인천미추홀,학동,지구대,인천광역시 미추홀구 학익소로 63번길 92 
인천청,인천미추홀,숭의,지구대,인천광역시 미추홀구 석정로 24 
인천청,인천미추홀,도화,지구대,인천광역시 미추홀구 숙골로 87번길 22 
인천청,인천미추홀,주안역,지구대,인천광역시 미추홀구  주안로 71 
인천청,인천미추홀,주안,지구대,인천광역시 미추홀구 경원대로793번길 5 
인천청,인천미추홀,문학,지구대,인천광역시 미추홀구  소성로 340
인천청,인천미추홀,주안2,파출소,인천광역시 미추홀구  인하로 196
인천청,인천미추홀,용오,파출소,인천광역시 미추홀구  용오로 24
인천청,인천미추홀,석암,파출소,인천광역시 미추홀구  경인로 455-1
인천청,인천남동,만수,지구대,인천광역시 남동구 만수서로68
인천청,인천남동,구월,지구대,인천광역시 남동구 인하로 623
인천청,인천남동,간석,지구대,인천광역시 남동구 석산로176
인천청,인천남동,정각,지구대,인천광역시 남동구 용천로74
인천청,인천남동,간석4,파출소,인천광역시 남동구 석정로552번길7
인천청,인천남동,구월3,파출소,인천광역시 남동구 문화서로49번길 16
인천청,인천부평,철마,지구대,인천부평구 마장로251
인천청,인천부평,동암,지구대,인천 부평구 배곶로 50 
인천청,인천부평,역전,지구대,"인천광역시 부평구 광장로 6, 역전지구대"
인천청,인천부평,백운,파출소,인천 부평구 마장로 84
인천청,인천부평,청천,지구대,인천시 부평구 안남로 307
인천청,인천부평,부평2,파출소,인천시 부평구 부영로 33 부평2 파출소
인천청,인천서부,검단,지구대,인천광역시 서구 완정로 181
인천청,인천서부,가좌,지구대,인천광역시 서구 원적로 59
인천청,인천서부,석남,지구대,인천광역시 서구  가정로294번길 23
인천청,인천서부,청라,지구대,인천광역시 서구  청라라임로 66(연희동)
인천청,인천서부,가석,파출소,인천광역시 서구  서달로 121 
인천청,인천서부,불로,지구대,인천광역시 서구  검단로 755 번길 9
인천청,인천서부,가정,지구대,인천광역시 서구 가정로406번길 27
인천청,인천계양,계산,지구대,인천광역시 계양구  오조산로 43 
인천청,인천서부,서곶,지구대,인천광역시 서구  승학로402번길 
인천청,인천계양,효성,지구대,인천광역시 계양구  안남로554번길 31 
인천청,인천계양,계양산,지구대,인천광역시 계양구  계양산로 92
인천청,인천강화,송해,파출소,인천광역시 강화군 송해면 강화대로 691 
인천청,인천강화,길상,파출소,인천광역시 강화군 길상면 온수길36번길 7 
인천청,인천강화,삼산,파출소,인천광역시 강화군 삼산면 삼산북로 465
인천청,인천강화,교동,파출소,인천광역시 강화군 교동면 대룡안길54번길 14
인천청,인천강화,서도,파출소,인천광역시 강화군 서도면 주문도길 58
인천청,인천계양,장기,파출소,"인천광역시 계양구  장기서로 6 (장기동, 장기파출소) 장기동130-2호"
인천청,인천강화,불은,파출소,인천광역시 강화군 불은면 강화동로 558 
인천청,인천계양,계산1,파출소,인천광역시 계양구  계산천동로19번길 14 
인천청,인천강화,화도,파출소,인천광역시 강화군 화도면 마니산로732
인천청,인천강화,양도,파출소,인천광역시 강화군 양도면 강화남로 722 
인천청,인천강화,내가,파출소,인천광역시 강화군 내가면 강화서로 243
인천청,인천강화,심도,지구대,인천광역시 강화군 강화읍 동문안길 17
인천청,인천강화,선원,파출소,인천광역시 강화군 선원면 대문고개로 4
인천청,인천강화,양사,파출소,인천광역시 강화군 양사면 전망대로 1381-3
인천청,인천강화,하점,파출소,인천광역시 강화군 하점면 강화대로 1186
인천청,인천연수,동춘,지구대,인천광역시 연수구  먼우금로45번길 5 
인천청,인천연수,연수,지구대,인천광역시 연수구  함박뫼로 11-8 
인천청,인천연수,송도국제도시,지구대,인천광역시 연수구  해돋이로 96
인천청,인천연수,선학,파출소,인천광역시 연수구  선학로 58 
인천청,인천연수,송도국제도시2,지구대,인천광역시 연수구 송도과학로51번길 70
인천청,인천삼산,갈산,지구대,인천광역시 부평구 굴포로 7번길 43
인천청,인천삼산,부흥,지구대,"인천광역시 부평구  부개로 4번길  (구, 부개3동 501-10)"
인천청,인천삼산,중앙,지구대,인천광역시 부평구  주부토로 10
인천청,인천삼산,부개,파출소,인천광역시 부평구 일신동 60-2
인천청,인천삼산,부개2,파출소,인천광역시 부평구  충선로 49번길 
인천청,인천논현,만월,지구대,인천광역시 남동구 장승남로47번길 7
인천청,인천논현,논현,지구대,인천광역시 남동구 앵고개로 797
인천청,인천논현,남동공단,파출소,인천광역시 남동구 남동대로239번길 112
인천청,인천논현,서창,지구대,인천광역시 남동구 독곡로 30
광주청,광주광산,수완,지구대,광주광역시 광산구  수완로 63
광주청,광주광산,첨단,지구대,광주광역시 광산구  첨단중앙로106번길 65-15
광주청,광주광산,우산,지구대,광주광역시 광산구 사암로 106번길 3
광주청,광주광산,월곡,지구대,광주광역시 광산구  사암로 390번길 13-16
광주청,광주광산,도산,파출소,광주광역시 광산구  상무대로 93
광주청,광주광산,송정,파출소,광주광역시 광산구  상무대로 342
광주청,광주광산,하남,파출소,광주광역시 광산구  고봉로 124
광주청,광주광산,비아,파출소,광주광역시 광산구  비아중앙로31번길 14
광주청,광주광산,평동,파출소,광주광역시 광산구  평동로 790-16
광주청,광주광산,동곡,파출소,광주광역시 광산구  동곡로 155
광주청,광주광산,삼도,파출소,광주광역시 광산구  삼도로 341-3
광주청,광주광산,본량,파출소,광주광역시 광산구  용진로 395
광주청,광주광산,임곡,파출소,광주광역시 광산구  하림길 1
광주청,광주동부,금남,지구대,광주광역시 동구  예술길 31-5
광주청,광주동부,학서,파출소,광주광역시 동구  양림로 119 번길 13
광주청,광주동부,산수,파출소,광주광역시 동구  필문대로 157
광주청,광주동부,지원,파출소,광주광역시 동구  남문로 570 
광주청,광주동부,지산,파출소,광주광역시 동구  지호로 131
광주청,광주서부,금호,지구대,광주광역시 서구  운천로 30
광주청,광주서부,상무,지구대,광주광역시 서구  상무연하로 106
광주청,광주서부,화정,지구대,광주광역시 서구  화운로 160
광주청,광주서부,농성,파출소,광주광역시 서구  화정로 316
광주청,광주서부,동천,파출소,광주광역시 서구  유림로98번길 6
광주청,광주서부,염주,파출소,광주광역시 서구  염화로134번길 84
광주청,광주서부,풍암,파출소,광주광역시 서구  풍암1로 33
광주청,광주남부,백운,지구대,광주광역시 남구  월산로 30 
광주청,광주남부,방림,지구대,광주광역시 남구  대남대로149번길 8
광주청,광주남부,효덕,지구대,광주광역시 남구  화산로 27
광주청,광주남부,양림,파출소,광주광역시 남구  천변좌로 410 
광주청,광주남부,주월,파출소,광주광역시 남구  회재로1217번길 7
광주청,광주남부,대촌,파출소,광주광역시 남구  고싸움로 136
광주청,광주북부,우산,지구대,광주광역시 북구  중문로 63
광주청,광주북부,동운,지구대,광주광역시 북구  북문대로 240
광주청,광주북부,두암,지구대,광주광역시 북구  군왕로 146
광주청,광주북부,용봉,지구대,광주광역시 북구  문화소통로 78
광주청,광주북부,일곡,지구대,광주광역시 북구  설죽로 489
광주청,광주북부,문흥,지구대,광주광역시 북구  대천로 146
광주청,광주북부,역전,지구대,광주광역시 북구  태봉로 57
광주청,광주북부,건국,지구대,광주광역시 북구  본촌마을길102번길 17
광주청,광주북부,석곡,파출소,광주광역시 북구  동문대로 642 
대전청,대전중부,남대전,지구대,대전광역시 중구  보문로 162번길 22
대전청,대전중부,서대전,지구대,대전광역시 중구  중앙로 14
대전청,대전중부,유등,지구대,대전광역시 중구 문화로 115-2
대전청,대전중부,문화,지구대,대전광역시 중구 보문산로 193
대전청,대전중부,선화,파출소,대전광역시 중구 우암로 14-1
대전청,대전중부,중촌,파출소,대전광역시 중구  대종로 661-1
대전청,대전동부,용전,지구대,대전광역시 동구  동서대로1695번길 54
대전청,대전동부,대전역,지구대,대전광역시 동구  역전시장길 7
대전청,대전동부,가양,지구대,대전광역시 동구  우암로 304
대전청,대전동부,천동,파출소,대전광역시 동구  대전로 501
대전청,대전동부,판암,파출소,대전광역시 동구  옥천로 403
대전청,대전동부,산내,파출소,대전광역시 동구  산내로 1332
대전청,대전서부,도마,지구대,대전광역시 서구  계백로 1366
대전청,대전서부,내동,지구대,대전광역시 서구  갈마로 246
대전청,대전서부,구봉,지구대,대전광역시 서구  관저로 65
대전청,대전서부,가수원,파출소,대전광역시 서구  용소로40번길 7
대전청,대전대덕,신탄진,지구대,대전광역시 대덕구  대덕대로 1427
대전청,대전대덕,중리,지구대,대전광역시 대덕구  한밭대로 1084
대전청,대전대덕,송촌,지구대,대전광역시 대덕구  동춘당로 63
대전청,대전대덕,회덕,파출소,대전광역시 대덕구  대전로 1386
대전청,대전둔산,둔산,지구대,대전광역시 서구 둔산남로 9번길 21
대전청,대전둔산,갈마,지구대,대전광역시 서구 신갈마로 211
대전청,대전둔산,월평,지구대,대전광역시 서구 청사로 27-7
대전청,대전둔산,청사,지구대,대전광역시 서구 청사로 277
대전청,대전유성,유성,지구대,대전광역시 유성구  문화원로 136
대전청,대전유성,도룡,지구대,대전광역시 유성구  가정로 318
대전청,대전유성,노은,지구대,대전광역시 유성구  은구비로 72
대전청,대전유성,신성,지구대,대전광역시 유성구 신성로 71
대전청,대전유성,복용,파출소,대전광역시 유성구 복용북로75번길 19
대전청,대전유성,구즉,파출소,대전광역시 유성구 구룡달전로 21
대전청,대전유성,진잠,파출소,대전광역시 유성구  원내동 95
울산청,울산중부,태화,지구대,울산광역시 중구 종가5길 55
울산청,울산중부,학성,지구대,울산광역시 중구 학산로 7
울산청,울산중부,병영,지구대,울산광역시 중구 병영성7길 11
울산청,울산중부,반구,파출소,울산광역시 중구 반구정10길 4
울산청,울산중부,성안,파출소,울산광역시 중구 성안로 257
울산청,울산남부,신정,지구대,울산광역시 남구 돋질로 118
울산청,울산남부,삼산,지구대,울산광역시 남구 번영로 217
울산청,울산남부,야음,지구대,울산광역시 남구 수암로 277
울산청,울산남부,옥동,지구대,울산광역시 남구 대공원입구로21번길 16
울산청,울산남부,무거,지구대,울산광역시 남구 신복로22번길 22
울산청,울산남부,본동,파출소,울산광역시 남구 화합로194번길 17
울산청,울산동부,방어진,지구대,울산광역시 동구 월봉12길 77
울산청,울산동부,전하,지구대,울산광역시 동구 진성4길 20
울산청,울산동부,남목,파출소,울산광역시 동구 동해안로 54
울산청,울산동부,서부,파출소,울산광역시 동구 방어진순환도로 961
울산청,울산북부,화봉,파출소,울산광역시 북구 화봉로 83
울산청,울산북부,명촌,지구대,울산광역시 북구 명촌21길14
울산청,울산북부,농소1,파출소,울산광역시 북구 호계로 194
울산청,울산북부,농소3,파출소,울산광역시 북구 아진로 74
울산청,울산북부,양정,파출소,울산광역시 북구 염포로 549
울산청,울산북부,강동,파출소,울산광역시 북구 산음12길 6
울산청,울산울주,서생,파출소,울산광역시 울주군 서생면 해맞이로 867
울산청,울산울주,범서,파출소,울산광역시 울주군 범서읍 대리로 12
울산청,울산울주,언양,파출소,울산광역시 울주군 언양읍 남천둑길 77
울산청,울산울주,온양,파출소,울산광역시 울주군 온양읍 남창2길 30
울산청,울산울주,온산,파출소,울산광역시 울주군 온산읍 덕신로 229
울산청,울산울주,두동,파출소,울산광역시 울주군 두동면 대밀길 25
울산청,울산울주,상북,파출소,울산광역시 울주군 상북면 상북로 294
울산청,울산울주,삼남,파출소,울산광역시 울주군 삼남면 중남로 47
울산청,울산울주,청량,파출소,울산광역시 울주군 청량읍 온산로 767
울산청,울산울주,웅촌,파출소,울산광역시 울주군 웅촌면 곡천검단로 15
세종청,세종,조치원,지구대,세종특별자치시  조치원읍 새내로 140
세종청,세종,연동,파출소,세종특별자치시  부강면 청연로 606-1
세종청,세종,전의,파출소,세종특별자치시  전의면 만세길 6 
세종청,세종,전동,파출소,세종특별자치시  전동면 하노장4길 9
세종청,세종,금남,파출소,세종특별자치시  금남면 용포로 62
세종청,세종,한솔,지구대,세종특별자치시   노을3로 31
세종청,세종,부강,파출소,세종특별자치시  부강면 부강신대길 72-2
세종청,세종,아름,지구대,세종특별자치시   보듬3로 113
세종청,세종,보람,지구대,세종특별자치시 남세종로 440
경기남부청,수원중부,장안문,지구대,경기도 수원시 장안구 송정로 113
경기남부청,수원중부,노송,지구대,경기도 수원시 장안구 이목로 58
경기남부청,수원중부,화서문,지구대,경기도 수원시 팔달구 수성로182번길 3
경기남부청,수원중부,율천,파출소,경기도 수원시 장안구 서부로 2124
경기남부청,수원중부,행궁,파출소,경기도 수원시 팔달구 창룡대로 48
경기남부청,수원중부,창룡문,지구대,경기도 수원시 장안구 경수대로 758
경기남부청,수원중부,동부,파출소,경기도 수원시 팔달구 경수대로 621
경기남부청,수원남부,매탄,지구대,경기도 수원시 팔달구 동수원로 403
경기남부청,수원남부,산남,지구대,경기도 수원시 영통구 매영로 93-18
경기남부청,수원남부,곡선,지구대,경기도 수원시 권선구 권중로77
경기남부청,수원남부,영통,지구대,경기도 수원시 영통구 청명로 92
경기남부청,수원남부,인계,파출소,경기도 수원시 팔달구 장다리로 312
경기남부청,수원남부,권선,파출소,경기도 수원시 권선로 699번길 24-23
경기남부청,수원남부,세류,지구대,경기도 수원시 권선구 정조로 370
경기남부청,수원남부,태장,파출소,경기도 수원시 영통구 영통로 143
경기남부청,수원남부,광교,지구대,경기도 수원시 영통구 에듀타운로 82
경기남부청,수원서부,매산,지구대,경기도 수원시 팔달구 덕영대로 924
경기남부청,수원서부,고등,파출소,경기도 수원시 팔달구 고등동 고등로 50
경기남부청,수원서부,유천,파출소,경기도 수원시 팔달구 매교동 매산로 116번길 50
경기남부청,수원서부,서호,지구대,경기 수원시 권선구 구운로73번길 18-13(구운동)
경기남부청,수원서부,호매실,지구대,경기도 수원시 권선구 금곡동 금곡로 190
경기남부청,수원서부,당수,파출소,경기도 수원시 권선구 당수동 당진로 32번길 28-4
경기남부청,수원서부,고색,파출소,경기 수원시 권선구 매송고색로 750
경기남부청,안양동안,갈산,지구대,경기도 안양시 동안구 흥안대로223번길 30-1
경기남부청,안양동안,인덕원,지구대,경기도 안양시 동안구 동편로 190
경기남부청,안양동안,비산,지구대,경기도 안양시 동안구 관악대로 125
경기남부청,안양동안,호계,파출소,경기도 안양시 동안구 경수대로508번길 17
경기남부청,안양동안,범계,지구대,경기도 안양시 동안구 평촌대로217번길 57
경기남부청,안양동안,평안,지구대,경기도 안양시 동안구 관평로138번길 43
경기남부청,안양만안,안양,지구대,경기도 안양시 만안구 만안로 232
경기남부청,안양만안,명학,지구대,경기도 안양시 만안구 안양로 170번길20
경기남부청,안양만안,석수,지구대,경기도 안양시 만안구 경수대로 1161
경기남부청,안양만안,박달,지구대,경기도 안양시 만안구 박달로 492
경기남부청,군포,군포,지구대,경기도 군포시 군포로 511
경기남부청,군포,산본,지구대,경기도 군포시 수리산로203번길 51
경기남부청,군포,대야,파출소,경기도 군포시 대야1로 24번길 4
경기남부청,군포,금정,파출소,경기도 군포시 군포로 683번길 31
경기남부청,군포,송부,파출소,경기도 군포시 번영로 6-4
경기남부청,성남수정,수진,지구대,성남시 수정구 모란로 1
경기남부청,성남수정,신흥,지구대,성남시 수정구 시민로 150
경기남부청,성남수정,고등,파출소,성남시 수정구 고등공원로 47
경기남부청,성남수정,복정,파출소,성남시 수정구 복정로 36
경기남부청,성남수정,산성,파출소,성남시 수정구 수정남로 317
경기남부청,성남수정,단대,파출소,성남시 수정구 단대로 15
경기남부청,성남수정,중앙,파출소,성남시 수정구 수정로 145
경기남부청,성남수정,태평4,파출소,성남시 수정구 남문로 128
경기남부청,성남수정,수진1,파출소,성남시 수정구 탄리로 21
경기남부청,성남수정,성남위례,파출소,성남시 수정구 위례동로 135-2
경기남부청,성남중원,성호,지구대,경기도 성남시 중원구 산성대로 190-6
경기남부청,성남중원,금광,지구대,경기도 성남시 중원구 산성대로408번길 26-1
경기남부청,성남중원,은행,파출소,경기도 성남시 중원구 은행로25번길 14
경기남부청,성남중원,대원,파출소,경기도 성남시 중원구 둔촌대로 439
경기남부청,성남중원,상대원2,파출소,경기도 성남시 중원구 희망로 373
경기남부청,성남중원,도촌,파출소,경기도 성남시 중원구 도촌북로 43
경기남부청,분당,서현,지구대,성남시 분당구 중앙공원로31번길 30
경기남부청,분당,야탑,지구대,경기도 성남시 분당구 야탑로 76
경기남부청,분당,금곡,지구대,경기도 성남시 분당구 성남대로 171번길 12
경기남부청,분당,서판교,파출소,성남시 분당구 운중로 146번길 6
경기남부청,분당,동판교,파출소,경기 성남시 분당구 동판교로266번길 24
경기남부청,분당,구미,파출소,성남시 분당구 구미로 107
경기남부청,분당,수내,파출소,성남 분당구 불정로253
경기남부청,부천소사,송내,지구대,경기도 부천시 성주로 147
경기남부청,부천소사,소사,지구대,경기도 부천시 경인로 363
경기남부청,부천소사,범박,지구대,경기도 부천시 범안로 131
경기남부청,부천원미,중동,지구대,경기도 부천시 석천로 203-16
경기남부청,부천원미,중앙,지구대,경기도 부천시 장말로 337
경기남부청,부천원미,상동,지구대,경기도 부천시 상일로 99
경기남부청,부천원미,원미,지구대,경기도 부천시 원미로 149번길4
경기남부청,부천원미,계남,지구대,경기도 부천시 조마루로 252
경기남부청,부천원미,역곡,지구대,경기도 부천시 부이로 711번길 29
경기남부청,부천원미,약대,지구대,경기도 부천시 중동로 388번길 6
경기남부청,부천오정,내동,지구대,경기도 부천시 오정구 신흥로 411(삼정동)
경기남부청,부천오정,원종,지구대,경기도 부천시 오정구 소사로 778(원종동)
경기남부청,부천오정,고강,파출소,경기도 부천시 오정구 역곡로 519(고강동)
경기남부청,부천오정,성곡,파출소,경기도 부천시 오정구 삼작로352번길 42(여월동)
경기남부청,광명,철산,지구대,"경기도 광명시 철산로29번길 16(철산동, 철산지구대)"
경기남부청,광명,하안,지구대,"경기도 광명시 범안로 1027(하안동,하안지구대)"
경기남부청,광명,소하,지구대,"경기도 광명시 금하로 500(소하동, 소하지구대)"
경기남부청,광명,광남,지구대,"경기도 광명시 광명로 772(광명동, 광남지구대)"
경기남부청,광명,광명,지구대,"경기도 광명시 오리로991번길 6 (광명동, 광명지구대)"
경기남부청,안산단원,호수,지구대,경기도 안산시 단원구 광덕2로 127
경기남부청,안산단원,고잔,파출소,경기도 안산시 단원구 화랑로 397
경기남부청,안산단원,와동,파출소,경기도 안산시 단원구 선부로 323
경기남부청,안산단원,선부,파출소,경기도 안산시 단원구 선부광장1로 150
경기남부청,안산단원,선부2,파출소,경기도 안산시 단원구 선여불로 19
경기남부청,안산단원,선부3,파출소,경기도 안산시 단원구 선삼로 2길 14-20
경기남부청,안산단원,원곡,파출소,경기도 안산시 단원구 원곡공원로30
경기남부청,안산단원,원선,파출소,경기도 안산시 단원구 원선로33
경기남부청,안산단원,대부,파출소,경기도 안산시 단원구 대부중앙로 67
경기남부청,안산단원,공단,파출소,경기도 안산시 단원구 동산로 29
경기남부청,안산단원,신길,파출소,경기도 안산시 단원구 삼일로 42-13
경기남부청,안산상록,본오,지구대,경기도 안산시 상록구 상록수로 12
경기남부청,안산상록,사동,지구대,경기도 안산시 상록구 석호로 175
경기남부청,안산상록,반월,파출소,경기도 안산시 상록구 건건동 47
경기남부청,안산상록,일동,파출소,경기도 안산시 상록구 호동로 118
경기남부청,안산상록,수암,파출소,경기도 안산시 상록구 수인로 2026
경기남부청,안산상록,본오1,파출소,경기도 안산시 상록구 샘골로 11
경기남부청,안산상록,부곡,파출소,경기도 안산시 상록구 성호로 324
경기남부청,안산상록,월피,파출소,경기도 안산시 상록구 안산천서로 215
경기남부청,안산상록,성포,파출소,경기도 안산시 상록구 예술광장로 47
경기남부청,안산상록,팔곡,파출소,경기도 안산시 상록구 소학길 8
경기남부청,안산상록,이동,파출소,경기도 안산시 상록구 중보1길 35
경기남부청,시흥,옥구,지구대,경기도 시흥시 정왕대로 118번길 1
경기남부청,시흥,장곡,지구대,경기도 시흥시 장곡로 54번길 25-14
경기남부청,시흥,군자,파출소,경기도 시흥시 군자로 513
경기남부청,시흥,매화,파출소,경기도 시흥시 매화로 36
경기남부청,시흥,신천,파출소,경기도 시흥시 신천로 100번 안길 15
경기남부청,시흥,정왕,지구대,경기도 시흥시 정왕신길로 216
경기남부청,시흥,시화,파출소,경기도 시흥시 중심상가로 271
경기남부청,시흥,은행,파출소,경기도 시흥시 은행로 148
경기남부청,시흥,대야,파출소,경기도 시흥시 호현로 42
경기남부청,시흥,능곡,파출소,경기도 시흥시 장현능곡로 211
경기남부청,시흥,배곧,파출소,경기도 시흥시 서울대학로264번길 50
경기남부청,시흥,목감,파출소,경기도 시흥시 목감우회로 17-6
경기남부청,평택,평택,지구대,경기도 평택시 중앙1로 23
경기남부청,평택,서정,지구대,경기도 평택시 서정역로 34
경기남부청,평택,팽성,지구대,경기도 평택시 팽성읍 동서촌로 93
경기남부청,평택,진위,파출소,경기도 평택시 진위면 경기대로 1856
경기남부청,평택,서탄,파출소,경기도 평택시 서탄면 서탄로 280
경기남부청,평택,포승,파출소,경기도 평택시 포승읍 서동대로 1150
경기남부청,평택,비전,지구대,경기도 평택시 평택5로 189
경기남부청,평택,고덕,파출소,경기도 평택시 고덕면 고덕여염9길 3
경기남부청,평택,송탄,지구대,경기도 평택시 탄현로 343
경기남부청,평택,안중,파출소,경기도 평택시 안중읍 현화중앙길 71
경기남부청,평택,현덕,파출소,경기도 평택시 현덕면 안현로 144
경기남부청,평택,청북,파출소,경기도 평택시 청북읍 신포길 38
경기남부청,평택,오성,파출소,경기도 평택시 오성면 숙성시장길 71
경기남부청,평택,만호,파출소,경기도 평택시 포승읍 평택항로 170
경기남부청,평택,신장,파출소,경기도 평택시 신서로65
경기남부청,평택,용이,파출소,경기도 평택시 용이동 448-5
경기남부청,오산,오산,지구대,경기도 오산시 운암로 11
경기남부청,오산,궐동,지구대,경기도 오산시 오산로 371
경기남부청,오산,세교,지구대,경기도 오산시 세마역로 5
경기남부청,오산,중앙,파출소,경기도 오산시 오산로 221
경기남부청,화성서부,남양,파출소,화성시 남양읍 남양시장로 47
경기남부청,화성서부,발안,지구대,경기 화성시 3.1만세로 1095
경기남부청,화성서부,봉담,지구대,봉담읍 와우로 15번길 17
경기남부청,화성서부,우정,파출소,경기도 화성시 우정읍 조암남로31
경기남부청,화성서부,서신,파출소,경기도 화성시 서신면 매화1길 31
경기남부청,화성서부,송산,파출소,경기도 화성시 송산면 송산포도로 98
경기남부청,화성서부,팔탄,파출소,화성시 팔탄면 서촌길 9
경기남부청,화성서부,비봉,파출소,경기도 화성시 비봉면 양노로 56
경기남부청,화성서부,매송,파출소,경기도 화성시 매송면 화성로 2249
경기남부청,화성서부,마도,파출소,화성시 마도면 석교로 179
경기남부청,화성서부,양감,파출소,화성시 양감면 은행나무로 263
경기남부청,화성동탄,태안,지구대,경기도 화성시 떡전골로 112-2
경기남부청,화성동탄,동탄,지구대,화성시 노작로 226-1
경기남부청,화성동탄,동탄2,지구대,경기도 화성시 동탄영천로 70
경기남부청,화성동탄,정남,파출소,경기도 화성시 정남면 만년로 582
경기남부청,화성동탄,안용,파출소,경기도 화성시 용주로 32번길 4
경기남부청,화성동탄,반월,파출소,경기도 화성시 영통로 27번길 25-19
경기남부청,화성동탄,동탄3,지구대,경기 화성시 왕배산길 6
경기남부청,용인동부,중앙,지구대,경기도 용인시 처인구 금령로 18
경기남부청,용인동부,구갈,지구대,경기도 용인시 기흥구 관곡로 41
경기남부청,용인동부,고매,파출소,경기도 용인시 기흥구 동탄기흥로 715
경기남부청,용인동부,모현,파출소,경기도 용인시 처인구 백옥대로 2372
경기남부청,용인동부,남사,파출소,경기도 용인시 처인구 남사면 처인성로 185번길 13
경기남부청,용인동부,이동,파출소,경기도 용인시 처인구 이동면 경기동로 688
경기남부청,용인동부,포곡,파출소,경기도 용인시 처인구 포곡로 278번길 3
경기남부청,용인동부,양지,파출소,경기도 용인시 처인구 양지로 165
경기남부청,용인동부,원삼,파출소,경기도 용인시 처인구 원삼면 고당로 15번길 1
경기남부청,용인동부,백암,파출소,경기도 용인시 처인구 백암로 201번길 9
경기남부청,용인동부,동백,지구대,경기도 용인시 기흥구 동백6로 37
경기남부청,용인동부,동부,파출소,경기도 용인시 처인구 경안천로 16
경기남부청,용인동부,상갈,파출소,경기도 용인시 기흥구 중부대로 380
경기남부청,용인동부,흥덕,파출소,경기도 용인시 기흥구 흥덕2로 8번길 1
경기남부청,용인동부,보라,파출소,경기도 용인시 기흥구 한보라 1로 42-3
경기남부청,용인동부,서천,파출소,경기도 용인시 기흥구 서천로 117번길 1
경기남부청,용인서부,수지,지구대,경기도 용인시 수지구 풍덕천로190번길 18
경기남부청,용인서부,보정,지구대,경기도 용인시 기흥구 보정로 110
경기남부청,용인서부,상현,지구대,경기도 용인시 수지구 심곡로 7
경기남부청,용인서부,구성,파출소,경기도 용인시 기흥구 구성로 68
경기남부청,용인서부,신봉,파출소,경기 용인시 수지로 195
경기남부청,광주,경안,지구대,경기도 광주시 중앙로 137
경기남부청,광주,곤지암,파출소,경기도 광주시 곤지암읍 곤지암로 38
경기남부청,광주,오포서부,파출소,경기도 광주시 오포읍 오포로 171번길 3
경기남부청,광주,오포동부,파출소,경기도 광주시 오포읍 오포로 869
경기남부청,광주,퇴촌,파출소,경기도 광주시 퇴촌면 광동로 45
경기남부청,광주,초월,파출소,경기도 광주시 초월읍 경충대로 1243
경기남부청,광주,태전,파출소,경기도 광주시 태봉로 46
경기남부청,광주,남한산성,파출소,경기도 광주시 중부면 남한산성로 757
경기남부청,광주,도척,파출소,경기도 광주시 도척면 도척로 603
경기남부청,김포,사우,지구대,경기도 김포시 사우중로 35-5
경기남부청,김포,장기,지구대,경기도 김포시 청송로 36
경기남부청,김포,양촌,지구대,경기도 김포시 양곡1로 68번길 3
경기남부청,김포,고촌,파출소,경기도 김포시 고촌읍 신곡리 1250-1
경기남부청,김포,대곶,파출소,경기도 김포시 대곶면 율생로 72
경기남부청,김포,통진,파출소,경기도 김포시 통진읍 조강로 83
경기남부청,김포,하성,파출소,경기도 김포시 하성면 애기봉로 847
경기남부청,김포,월곶,파출소,경기도 김포시 월곶면 군하로 276번길 13
경기남부청,김포,김포T,파출소,경기도 김포시 고촌읍 아라육로152번길 56
경기남부청,김포,풍무,파출소,경기도 김포시 풍무동 154-6(풍무2지구)
경기남부청,김포,마산,파출소,경기도 김포시 김포한강8로 176(마산동)
경기남부청,하남,하남,지구대,경기도 하남시 신장로 66
경기남부청,하남,덕풍,지구대,경기도 하남시 덕풍로81번길 13
경기남부청,하남,서부,지구대,경기도 하남시 감북로 43
경기남부청,하남,미사,지구대,경기도 하남시 아리수로 567
경기남부청,하남,창우,파출소,경기도 하남시 대청로 114
경기남부청,하남,하남위례,파출소,경기도 하남시 위례학암로14번길 20
경기남부청,과천,과천,지구대,경기 과천시 관문로 136
경기남부청,과천,별양,지구대,경기 과천시 별양로 58
경기남부청,의왕,의왕,지구대,경기도 의왕시 경수대로 352
경기남부청,의왕,부곡,파출소,경기도 의왕시 한백이길 3
경기남부청,의왕,청계,파출소,경기도 의왕시 안양판교로 227
경기남부청,의왕,내손,지구대,경기도 의왕시 갈미로 77
경기남부청,이천,창전,지구대,경기도 이천시 영창로 171
경기남부청,이천,증포,지구대,경기도 이천시 증포동 갈산로 19
경기남부청,이천,부발,파출소,경기도 이천시 부발읍 무촌로 167-5
경기남부청,이천,아미,파출소,경기도 이천시 부발읍 경충대로 2154
경기남부청,이천,마장,파출소,경기도 이천시 마장면 오천로 101
경기남부청,이천,신둔,파출소,경기도 이천시 신둔면 경충대로 3162
경기남부청,이천,호법,파출소,경기도 이천시 호법면 이섭대천로 547
경기남부청,이천,대월,파출소,경기도 이천시 대월로803번길 64
경기남부청,이천,백사,파출소,경기도 이천시 백사면 현방로 62
경기남부청,이천,설성,파출소,경기도 이천시 설성면 설장로 17번길 6-1
경기남부청,이천,장호원,파출소,경기도 이천시 장호원읍 장감로 70
경기남부청,이천,율면,파출소,경기도 이천시 율면 고당로 144
경기남부청,이천,모가,파출소,경기도 이천시 모가면 진상미로 1305
경기남부청,안성,공도,지구대,경기도 안성시 공도읍 공도4로 4
경기남부청,안성,중앙,지구대,경기도 안성시 석정1길 15
경기남부청,안성,대덕,파출소,경기도 안성시 대덕면 중앙로 78
경기남부청,안성,일죽,파출소,경기도 안성시 일죽면 주래본죽로 28
경기남부청,안성,죽산,파출소,경기도 안성시 죽산면 죽주로 241
경기남부청,안성,원곡,파출소,경기도 안성시 원곡면 가천중앙1길 44
경기남부청,안성,보개,파출소,경기도 안성시 보개면 보개원삼로 220-1
경기남부청,안성,금광,파출소,경기도 안성시 금광면 금광초교길 38
경기남부청,안성,양성,파출소,경기도 안성시 양성면 장터길 35
경기남부청,안성,내리,지구대,경기도 안성시 대학6길 34
경기남부청,여주,홍문,지구대,경기도 여주시 세종로2
경기남부청,여주,강천,파출소,경기도 여주시 강천면 강문로 566
경기남부청,여주,가남,파출소,경기도 여주시 가남읍 태평2길 23
경기남부청,여주,점동,파출소,경기도 여주시 점동면 청안로118
경기남부청,여주,금사,파출소,경기도 여주시 금사면 이포로 41
경기남부청,여주,흥천,파출소,경기도 여주시 흥천면 효자로 144
경기남부청,여주,북내,파출소,경기도 여주시 북내면 여양2로 300
경기남부청,여주,능서,파출소,경기도 여주시 능서면 마장로 61
경기남부청,여주,대신,파출소,경기도 여주시 대신면 여양로 1436
경기남부청,여주,산북,파출소,경기도 여주시 산북면 금품1로 2
경기남부청,양평,양근,지구대,경기도 양평군 양평읍 해오름길 11
경기남부청,양평,개군,파출소,경기도 양평군 개군면 하자포길 25
경기남부청,양평,양서,파출소,경기도 양평군 양서면 양수로 152번길 6
경기남부청,양평,서종,파출소,경기도 양평군 서종면 무내미길 45
경기남부청,양평,옥천,파출소,경기도 양평군 옥천면 옥천길 27
경기남부청,양평,용문,파출소,경기도 양평군 용문면 용문역길 71
경기남부청,양평,단월,파출소,경기도 양평군 단월면 재인동길 2-6
경기남부청,양평,청운,파출소,경기도 양평군 청운면 용두로 140
경기남부청,양평,지평,파출소,경기도 양평군 지평면 지평의병로 91
경기남부청,양평,양동,파출소,경기도 양평군 양동면 학둔지아래길 72
경기남부청,양평,강하,파출소,경기도 양평군 강하면 운심길 46
경기남부청,양평,강상,파출소,경기도 양평군 강상면 양평대교길 91
경기북부청,의정부,금오,지구대,경기도 의정부시  추동로108번길 1
경기북부청,의정부,신곡,지구대,경기도 의정부시  경의로 119
경기북부청,의정부,가능,지구대,경기도 의정부시  호국로 1171 
경기북부청,의정부,송산,지구대,경기도 의정부시  용민로 119
경기북부청,의정부,호원,파출소,경기도 의정부시  평화로 159 
경기북부청,고양,화정,지구대,경기도 고양시 덕양구 은빛로 80
경기북부청,고양,행신,지구대,경기도 고양시 덕양구 중앙로 541-18
경기북부청,고양,원당,지구대,경기도 고양시 덕양구 호국로 790번길 105
경기북부청,고양,신도,지구대,경기도 고양시 덕양구 신도길 6
경기북부청,고양,고양,파출소,경기도 고양시 덕양구 벽제관로 3
경기북부청,고양,관산,파출소,경기도 고양시 덕양구 통일로 782
경기북부청,고양,행신3,파출소,경기도 고양시 덕양구 중앙로558번길 90
경기북부청,고양,화전,파출소,경기도 고양시 덕양구 중앙로 219
경기북부청,고양,도래울,지구대,경기도 고양시 덕양구 도래울로51
경기북부청,일산동부,마두,지구대,경기도 고양시 일산동구  노루목로 116
경기북부청,일산동부,백석,지구대,경기도 고양시 일산동구 장백로 76
경기북부청,일산동부,풍사,파출소,경기도 고양시 일산동구 숲속마을로 54
경기북부청,일산동부,중산,파출소,경기도 고양시 일산동구 중산로 220
경기북부청,일산서부,탄현,지구대,경기도 고양시 일산서구  현중로36번길 1
경기북부청,일산서부,대화,지구대,경기도 고양시 일산서구  일산로 670 
경기북부청,일산서부,주엽,지구대,경기도 고양시 일산서구  강성로 107
경기북부청,일산서부,가좌,파출소,경기도 고양시 일산서구  가좌로 24
경기북부청,남양주남부,화도,지구대,경기도 남양주시 화도읍 창현로 8
경기북부청,남양주남부,천마,파출소,경기도 남양주시 화도읍 묵현로25번길 39-1
경기북부청,남양주남부,다산1,파출소,경기도 남양주시  경춘로 경춘로439-1
경기북부청,남양주남부,다산2,지구대,경기도 남양주시 다산동 6226
경기북부청,남양주남부,와부,파출소,경기도 남양주시 와부읍 덕소로 63 
경기북부청,남양주남부,호평,파출소,경기도 남양주시  호평로68번길 11
경기북부청,남양주남부,금곡,파출소,경기도 남양주시  금곡로 57
경기북부청,남양주남부,평내,파출소,경기도 남양주시  경춘로 1211 
경기북부청,남양주남부,조안,파출소,경기도 남양주시 조안면 북한강로 131
경기북부청,남양주남부,수동,파출소,경기도 남양주시 수동면 비룡로 808 
경기북부청,남양주북부,진접,파출소,경기도 남양주시 진접읍 장현로 113 
경기북부청,남양주북부,별내,파출소,경기도 남양주시  두물로 11
경기북부청,남양주북부,오남,파출소,경기도 남양주시 진건읍 진건오남로 595-14
경기북부청,남양주북부,해밀,파출소,경기도 남양주시 진접읍 해밀예당1로 251
경기북부청,남양주북부,진건,파출소,경기도 남양주시 진건읍 진건오남로 5
경기북부청,남양주북부,퇴계원,파출소,경기도 남양주시 퇴계원면 퇴계원로 58-7
경기북부청,남양주북부,청학,파출소,"경기도 남양주시 별내면 청학로68번길 8, "
경기북부청,파주,금촌,지구대,경기도 파주시  새꽃로 212
경기북부청,파주,문산,지구대,경기도 파주시 문산읍 개포래로 50-4
경기북부청,파주,운정1,파출소,경기도 파주시  한울로 55-1
경기북부청,파주,운정2,지구대,경기도 파주시 해솔로 84
경기북부청,파주,교하,파출소,경기도 파주시  교하로 1431-2
경기북부청,파주,파주,파출소,경기도 파주시 파주읍 향교말길 26
경기북부청,파주,법원,파출소,경기도 파주시 법원읍 사임당로905번길 40
경기북부청,파주,조리,파출소,경기도 파주시 조리읍 봉천로 55
경기북부청,파주,광탄,파출소,경기도 파주시 광탄면 동거리길 25-7
경기북부청,파주,적성,파출소,경기도 파주시 적성면 청송로 1003
경기북부청,파주,탄현,파출소,경기도 파주시 탄현면 방촌로 669
경기북부청,파주,파평,파출소,경기도 파주시 적성면 청송로 198 
경기북부청,파주,월롱,파출소,경기도 파주시 월롱면 휴암로 3 
경기북부청,양주,회천,지구대,경기도 양주시  회정로 133
경기북부청,양주,고읍,지구대,경기도 양주시  고읍로 83
경기북부청,양주,덕계,파출소,경기도 양주시  평화로 1427
경기북부청,양주,광적,파출소,경기도 양주시 광적면 가래비길 54
경기북부청,양주,백석,파출소,경기도 양주시 백석읍 꿈나무로 142
경기북부청,양주,장흥,파출소,경기도 양주시 장흥면 호국로 179
경기북부청,양주,남면,파출소,경기도 양주시 남면 개나리길 50
경기북부청,양주,주내,파출소,경기도 양주시 부흥로 1613
경기북부청,양주,옥정,지구대,경기도 양주시 옥정로8길 62
경기북부청,양주,은현,파출소,경기도 양주시 은현면 은현로55번길 6
경기북부청,동두천,송내,지구대,경기도 동두천시  중앙로 157
경기북부청,동두천,중앙,파출소,경기도 동두천시  중앙로 393 
경기북부청,동두천,생연,파출소,경기도 동두천시  생연로 99
경기북부청,동두천,광암,파출소,경기도 동두천시  광암로 10
경기북부청,동두천,소요,파출소,경기도 동두천시  평화로 2695
경기북부청,구리,교문,지구대,경기도 구리시  안골로 40
경기북부청,구리,인창,지구대,경기도 구리시  건원대로34번길 31
경기북부청,구리,토평,지구대,경기도 구리시  체육관로74번길 55
경기북부청,구리,갈매,지구대,경기도 구리시 갈매순환로 112
경기북부청,구리,수택,파출소,경기도 구리시  검배로71번길 12-5 
경기북부청,포천,소흘,지구대,경기도 포천시 소흘읍 태봉로 144번길 
경기북부청,포천,포천,파출소,경기도 포천시  원모루로1길 32 
경기북부청,포천,군내,파출소,경기도 포천시 군내면 청군로 3280
경기북부청,포천,선단,파출소,경기도 포천시  송선로 279 
경기북부청,포천,창수,파출소,경기도 포천시 창수면 메치골로 174
경기북부청,포천,내촌,파출소,경기도 포천시 내촌면 내촌로 62 
경기북부청,포천,일동,파출소,경기도 포천시 일동면 화동로 1023
경기북부청,포천,관인,파출소,경기도 포천시 관인면 관인로 15
경기북부청,포천,신북,파출소,경기도 포천시  호국로 2059
경기북부청,포천,가산,파출소,경기도 포천시 가산면 가산로309번길 13
경기북부청,포천,화현,파출소,경기도 포천시 화현면 화동로 327
경기북부청,포천,이동,파출소,경기도 포천시 이동면 화동로 2078 
경기북부청,포천,영북,파출소,경기도 포천시 영북면 운천로 4
경기북부청,포천,영중,파출소,경기도 포천시 영중면 양문로 109
경기북부청,가평,조종,파출소,경기도 가평군 조종면 현창로 43 
경기북부청,가평,상면,파출소,경기도 가평군 상면 청군로 1101
경기북부청,가평,청평,파출소,경기도 가평군 청평면 청평중앙로 33
경기북부청,가평,읍내,파출소,경기도 가평군 가평읍 가화로 38
경기북부청,가평,북면,파출소,경기도 가평군 북면 화악산로 6
경기북부청,가평,설악,파출소,경기도 가평군 설악면 신천중앙로 115 
경기북부청,연천,전곡,파출소,경기도 연천군 전곡읍 전곡읍 선사로 410
경기북부청,연천,청산,파출소,경기도 연천군 연천읍 평화로 229
경기북부청,연천,연천,파출소,경기도 연천군 연천읍 문화로 67-1 
경기북부청,연천,신서,파출소,경기도 연천군 신서면 연신로 1153
경기북부청,연천,백학,파출소,경기도 연천군 백학면 청정로 532-1
경기북부청,연천,왕징,파출소,경기도 연천군 왕징면 왕산로28번길 3 
경기북부청,연천,군남,파출소,경기도 연천군 군남면 군남로 413-6 
강원청,춘천,중부,지구대,강원도 춘천시  서부대성로 168(효자동603)
강원청,춘천,후평,지구대,강원도 춘천시  춘천로 325 
강원청,춘천,서부,지구대,강원도 춘천시 영서로 2414
강원청,춘천,남부,지구대,강원도 춘천시  우석로4번길 21 남부지구대
강원청,춘천,소양로,지구대,강원도 춘천시  공지로 571-1
강원청,춘천,남산,파출소,강원도 춘천시 남산면 한치로 77
강원청,춘천,서면,파출소,강원도 춘천시 서면 박사로 1277서면파출소
강원청,춘천,사북,파출소,강원도 춘천시 사북면 영서로 4715 사북파출소
강원청,춘천,신북,파출소,강원도 춘천시 신북읍 율문길 79
강원청,춘천,신사우,파출소,강원도 춘천시  영서로2771번길 2
강원청,강릉,중부,지구대,강원도 강릉시  용지로 172 중부지구대
강원청,강릉,동부,지구대,강원도 강릉시  경강로 2439 동부지구대
강원청,강릉,남부,지구대,강원도 강릉시  임영로 74 
강원청,강릉,북부,지구대,강원도 강릉시 주문진읍 주문로 130
강원청,강릉,서부,지구대,강원도 강릉시  하슬라로 223
강원청,강릉,강동,파출소,강원도 강릉시 강동면 율곡로 1954
강원청,강릉,옥계,파출소,강원도 강릉시 옥계면 현내시장길 26
강원청,원주,단관,지구대,강원도 원주시  강변로 263
강원청,원주,북원,지구대,강원도 원주시  우산공단길 9-1 
강원청,원주,단계,지구대,강원도 원주시 북원로 2317
강원청,원주,봉산,지구대,강원도 원주시  현충로 107-8
강원청,원주,흥업,지구대,강원도 원주시 흥업면 남원로 43 
강원청,원주,중앙,지구대,강원도 원주시  평원로 강원도 원주시 평원로 160(학성동)
강원청,원주,문막,파출소,강원도 원주시 문막읍 건등로 3 
강원청,원주,부론,파출소,강원도 원주시 부론면 법천시장길 33
강원청,원주,치악,지구대,강원도 원주시 양지로 90
강원청,동해,묵호,지구대,강원도 동해시  발한로 241
강원청,동해,천곡,지구대,"강원도 동해시  천곡로 16, 천곡지구대"
강원청,동해,북삼,지구대,강원도 동해시  효자남길 33-8
강원청,동해,북평,파출소,강원도 동해시  대동로 132
강원청,태백,황지,지구대,강원도 태백시  황지로 94(황지지구대)
강원청,태백,장성,파출소,강원도 태백시  장성로 28(장성동)
강원청,태백,소도,파출소,강원도 태백시  버들치길 태백시 버들치길 51
강원청,태백,철암,파출소,강원도 태백시  상철암길 28-6 태백경찰서 철암파출소
강원청,태백,통리,파출소,강원도 태백시  통리1길 112
강원청,속초,영랑,지구대,강원도 속초시  중앙로 22-9
강원청,속초,양양,지구대,강원도 양양군 양양읍 남문로 35
강원청,속초,청초,지구대,강원도 속초시  동해대로 4100
강원청,속초,현남,파출소,강원도 양양군 현남면 인구중앙길 51 현남파출소
강원청,속초,현북,파출소,강원도 양양군 현북면 하조대1길 하조대 1길 57
강원청,속초,강현,파출소,강원도 양양군 강현면 동해대로 3485-39 강현파출소
강원청,속초,서면,파출소,강원도 양양군 서면 물윗구미길 9
강원청,삼척,하장,파출소,강원도 삼척시 하장면 하장길 74
강원청,삼척,원덕,파출소,강원도 삼척시 원덕읍 삼척로 418
강원청,삼척,임원,파출소,강원도 삼척시 원덕읍 삼척로 1214
강원청,삼척,근덕,파출소,강원도 삼척시 근덕면 삼척로 3655 근덕파출소
강원청,삼척,미로,파출소,강원도 삼척시 도계읍 강원남부로 4033
강원청,삼척,도계,파출소,강원도 삼척시 도계읍 도계로 262 도계파출소
강원청,삼척,성내,파출소,강원도 삼척시  진주로 30 성내파출소
강원청,삼척,정라,지구대,강원도 삼척시  새천년도로 40
강원청,영월,영월,지구대,강원도 영월군 영월읍 중앙로 77
강원청,영월,남면,파출소,강원도 영월군 남면 영월로 815 남면파출소
강원청,영월,주천,파출소,강원도 영월군 주천면 주천로 75
강원청,영월,한반도,파출소,강원도 영월군 한반도면 신천길 20-4
강원청,영월,중동,파출소,강원도 영월군 중동면 태백산로 1198
강원청,영월,김삿갓,파출소,강원도 영월군 김삿갓면 영월동로 1676 
강원청,정선,남면,파출소,강원도 정선군 남면 칠현로 45
강원청,정선,신동,파출소,강원도 정선군 신동읍 의림로 321
강원청,정선,화암,파출소,강원도 정선군 화암면 그림바위길 68 화암파출소
강원청,정선,임계,파출소,강원도 정선군 정선읍 서동로 4559
강원청,정선,사북,파출소,강원도 정선군 사북읍 사북중앙로 49 정선경찰서 사북파출소
강원청,정선,고한,파출소,강원도 정선군 고한읍 고한2길 5 
강원청,정선,여량,파출소,강원도 정선군 정선읍 서동로 2921 정선경찰서 여량파출소
강원청,정선,정선,파출소,강원도 정선군 정선읍 봉양7길 36
강원청,홍천,희망,지구대,강원도 홍천군 홍천읍 진리로 31
강원청,홍천,내면,파출소,강원도 홍천군 내면 창촌로 65
강원청,홍천,서석,파출소,강원도 홍천군 서석면 구룡령로 2517 
강원청,홍천,서면,파출소,강원도 홍천군 서면 팔봉산로 555
강원청,홍천,남면,파출소,강원도 홍천군 남면 양덕원로 86
강원청,홍천,화촌,파출소,강원도 홍천군 화촌면 성산로 149
강원청,홍천,두촌,파출소,강원도 홍천군 두촌면 자은로 353 
강원청,홍천,내촌,파출소,강원도 홍천군 내촌면 내촌길 29
강원청,평창,평창,지구대,강원도 평창군 평창읍 평창중앙로 5
강원청,평창,중부,지구대,강원도 평창군 봉평면 평온길 2 
강원청,평창,대화,파출소,강원도 평창군 대화면 대화중앙로 112
강원청,평창,진부,파출소,강원도 평창군 진부면 청송로 103
강원청,평창,대관령,파출소,강원도 평창군 대관령면 대관령로 대관령로 95
강원청,횡성,횡성,지구대,강원도 횡성군 횡성읍 횡성로 389 
강원청,횡성,둔내,파출소,강원도 횡성군 둔내면 둔내로 33
강원청,횡성,우천,파출소,강원도 횡성군 우천면 수남로 390
강원청,횡성,안흥,파출소,강원도 횡성군 안흥면 안흥로 41
강원청,횡성,청일,파출소,강원도 횡성군 청일면 청정로 825
강원청,횡성,서원,파출소,강원도 횡성군 서원면 서원로  143
강원청,고성,간성,파출소,강원도 고성군 간성읍 간성로 104
강원청,고성,토성,파출소,강원도 고성군 토성면 토성로 165
강원청,고성,죽왕,파출소,강원도 고성군 죽왕면 심층수길 17
강원청,고성,금강,파출소,강원도 고성군 거진읍 거진길 67
강원청,인제,상동,파출소,강원도 인제군 인제읍 인제로 178번길 52-6
강원청,인제,남면,파출소,강원도 인제군 남면 신남로 49 남면파출소
강원청,인제,기린,파출소,강원도 인제군 기린면 기린로 32
강원청,인제,북면,파출소,강원도 인제군 북면 원통로 278 북면파출소
강원청,인제,서화,파출소,강원도 인제군 서화면 천도로81번길 28
강원청,철원,동송,지구대,강원도 철원군 동송읍 금학로 169-8  동송지구대
강원청,철원,갈말,파출소,강원도 철원군 갈말읍 명성로174번길 51
강원청,철원,김화,파출소,강원도 철원군 서면 와수로 232 김화파출소
강원청,화천,간동,파출소,강원도 화천군 간동면 파로호로 1144 간동파출소
강원청,화천,상서,파출소,강원도 화천군 상서면 다파로 1625 상서파출소
강원청,화천,하리,파출소,강원도 화천군 화천읍 중앙로6길 40 하리파출소
강원청,화천,하남,파출소,강원도 화천군 하남면 원천새싹길 8 
강원청,화천,사내,파출소,강원도 화천군 사내면 포화로 1156 
강원청,양구,상리,파출소,강원도 양구군 양구읍 택지길 74-45 상리파출소
강원청,양구,국토정중앙,파출소,강원도 양구군 남면 삼팔선로 10-3
강원청,양구,동면,파출소,강원도 양구군 금강산로 1685
강원청,양구,방산,파출소,강원도 양구군 방산면 평화로 5192
강원청,양구,해안,파출소,강원도 양구군 해안면 펀치볼로 1313 
충북청,청주흥덕,복대,지구대,충청북도 청주시 흥덕구  진재로 16 복대지구대
충북청,청주흥덕,강서,지구대,충청북도 청주시 흥덕구  가로수로 1158 
충북청,청주흥덕,봉명,지구대,충청북도 청주시 흥덕구 송절로 64번길 13
충북청,청주흥덕,옥산,파출소,충청북도 청주시 흥덕구 옥산면 청주역로 662 옥산파출소
충북청,청주흥덕,오송,파출소,충청북도 청주시 흥덕구 오송읍 가로수로 197 
충북청,청주흥덕,강내,파출소,충청북도 청주시 흥덕구 강내면 가로수로 566 강내파출소
충북청,청주흥덕,남이,파출소,충청북도 청주시 서원구 남이면 청남로 1205 남이파출소
충북청,청주흥덕,현도,파출소,충청북도 청주시 서원구 현도면 청남로 358 현도파출소
충북청,청주상당,용암,지구대,충청북도 청주시 상당구  용암북로160번길 7 용암지구대
충북청,청주상당,분평,지구대,충청북도 청주시 서원구  분평로 37 분평지구대
충북청,청주상당,성안,지구대,충청북도 청주시 상당구  상당로 94 성안지구대
충북청,청주상당,미원,파출소,충청북도 청주시 상당구 미원면 미원시내2길 43 
충북청,청주상당,남일,파출소,충청북도 청주시 상당구 남일면 단재로 657 
충북청,청주상당,문의,파출소,충청북도 청주시 상당구 문의면 문의시내로 1 
충북청,청주상당,가덕,파출소,충청북도 청주시 상당구  남일면 보청대로 4761
충북청,청주청원,내덕,지구대,충청북도 청주시 청원구  중앙로 202 내덕지구대
충북청,청주청원,사창,지구대,충청북도 청주시 서원구  1순환로 690 사창지구대
충북청,청주청원,오창,지구대,충청북도 청주시 청원구 오창읍 2산단로 113 오창지구대
충북청,청주청원,율량,지구대,충청북도 청주시 청원구  율량로3번길 41 율량지구대
충북청,청주청원,내수,파출소,충청북도 청주시 청원구 내수읍 청암로 100-6 내수파출소
충북청,충주,연수,지구대,충청북도 충주시  연수서편2길 8
충북청,충주,중앙,지구대,충청북도 충주시  중앙로 109 중앙지구대
충북청,충주,서충주,지구대,충청북도 충주시 대소원면 대소원로 134
충북청,충주,호암,지구대,충청북도 충주시  중원대로 3394 호암지구대
충북청,충주,엄정,지구대,충청북도 충주시 엄정면 내창로 179
충북청,충주,앙성,파출소,충청북도 충주시 앙성면 가곡로 1029
충북청,충주,금가,파출소,충청북도 충주시 금가면 강수로 351
충북청,충주,수안보,파출소,충청북도 충주시 수안보면 온천중앙길 6
충북청,충주,중앙탑,파출소,충청북도 충주시 중앙탑면 중앙탑길 251
충북청,제천,청전,지구대,충청북도 제천시  용두천로 318
충북청,제천,중앙,지구대,충청북도 제천시  독순로 77
충북청,제천,강저,지구대,충청북도 제천시  청풍호로 79
충북청,제천,청풍,파출소,충청북도 제천시 청풍면 청풍호로 2119
충북청,제천,덕산,파출소,충청북도 제천시 덕산면 약초로 85
충북청,제천,용두,파출소,충청북도 제천시  용두대로 33
충북청,제천,봉양,파출소,충청북도 제천시 봉양읍 북부로 1455
충북청,음성,설성,지구대,충청북도 음성군 음성읍 중앙로 181
충북청,음성,금왕,지구대,충청북도 음성군 금왕읍 금석로 73
충북청,음성,대소,파출소,충청북도 음성군 대소면 오산로 43
충북청,음성,삼성,파출소,충청북도 음성군 삼성면 덕정로 111
충북청,음성,맹동,파출소,충청북도 음성군 맹동면 덕금로 408
충북청,음성,감곡,파출소,충청북도 음성군 감곡면 장감로 127
충북청,음성,혁신,파출소,충청북도 음성군 맹동면 장성로 115 
충북청,영동,중앙,지구대,충청북도 영동군 영동읍 계산로 63
충북청,영동,황간,파출소,충청북도 영동군 황간면 영동황간로 1661
충북청,영동,상촌,파출소,충청북도 영동군 용화면 민주지산로 3027
충북청,영동,학산,파출소,충청북도 영동군 학산면 서산로 72 
충북청,영동,양강,파출소,충청북도 영동군 양강면 학산영동로 835
충북청,영동,용산,파출소,충청북도 영동군 용산면 용산로 400
충북청,괴산,괴산,지구대,충청북도 괴산군 괴산읍 읍내로 246 괴산지구대
충북청,괴산,증평,지구대,충청북도 증평군 증평읍 중앙로 232
충북청,괴산,칠성,파출소,충청북도 괴산군 칠성면 도정로 53
충북청,괴산,청안,파출소,충청북도 괴산군 청안면 읍내리 청안읍내로 22
충북청,괴산,청천,파출소,충청북도 괴산군 청천면 괴산로 1357 
충북청,괴산,불정,파출소,충청북도 괴산군 불정면 목도로 24 
충북청,괴산,연풍,파출소,충청북도 괴산군 연풍면 향교로 43 
충북청,단양,중앙,지구대,충청북도 단양군 단양읍 삼봉로 259
충북청,단양,영춘,파출소,충청북도 단양군 영춘면 온달평강로 67
충북청,단양,대강,파출소,충청북도 단양군 대강면 대강로 68
충북청,단양,가곡,파출소,충청북도 단양군 가곡면 남한강로 530 
충북청,단양,매포,파출소,충청북도 단양군 매포읍 평동로 114
충북청,보은,읍내,지구대,충청북도 보은군 보은읍 뱃들4길 11-6 
충북청,보은,속리산,파출소,충청북도 보은군 속리산면 법주사로 276 
충북청,보은,내북,파출소,충청북도 보은군 내북면 남부로 6277 
충북청,보은,회인,파출소,충청북도 보은군 회인면 회인로 88
충북청,보은,삼승,파출소,충청북도 보은군 삼승면 원남로 56-1 
충북청,보은,마로,파출소,충청북도 보은군 마로면 관기송현로 54
충북청,옥천,중앙,지구대,충청북도 옥천군 옥천읍 지용로 21 중앙지구대
충북청,옥천,청산,파출소,충청북도 옥천군 청산면 지전길 48
충북청,옥천,청성,파출소,충청북도 옥천군 청성면 산계길 97
충북청,옥천,이원,파출소,충청북도 옥천군 이원면 신흥1길 18
충북청,옥천,군북,파출소,충청북도 옥천군 군북면 옥천로 1114 
충북청,옥천,안내,파출소,충청북도 옥천군 안내면 안내보은로 114
충북청,옥천,동이,파출소,충청북도 옥천군 동이면 평산길 34
충북청,진천,상산,지구대,충청북도 진천군 진천읍 남산3길 10 
충북청,진천,덕산,지구대,충청북도 진천군 덕산읍 덕금로 803 
충북청,진천,이월,파출소,충청북도 진천군 이월면 진광로 803 
충북청,진천,광혜원,파출소,충청북도 진천군 광혜원면 중리3길 18
충북청,진천,초평,파출소,충청북도 진천군 초평면 초동로 9
충남청,천안서북,쌍용,지구대,충청남도 천안시 서북구 쌍용12길 3
충남청,천안서북,두정,지구대,충청남도 천안시 서북구  오성9길 40
충남청,천안서북,성정,지구대,충청남도 천안시 서북구  천안천4길 48 
충남청,천안서북,불당,지구대,충청남도 천안시 서북구 불당23로 66번지
충남청,천안서북,직산,파출소,충청남도 서북구 직산읍 삼은2길 27번지
충남청,천안서북,성거,파출소,충청남도 천안시 서북구 성거읍 성거길 80
충남청,천안서북,성환,파출소,충청남도 천안시 서북구 성환읍 성환11길 5
충남청,천안서북,입장,파출소,충청남도 천안시 서북구 입장면 망향로 1088
충남청,천안동남,목천북면,파출소,충청남도 천안시 동남구 목천읍 서리 1길 50
충남청,천안동남,수신성남,파출소,충청남도 천안시 동남구 수신면 수신로 433
충남청,천안동남,병천동면,파출소,충청남도 천안시 병천면 충절로 1729
충남청,천안동남,광덕풍세,파출소,충청남도 천안시 병천면 충절로 1729
충남청,천안동남,신방,파출소,충청남도 천안시 동남구 통정4로 38
충남청,천안동남,문성,파출소,충청남도 천안시 동남구 옛시청길 21
충남청,천안동남,신안,파출소,충청남도 천안시 동남구 먹거리 11길 12
충남청,천안동남,남산,지구대,충청남도 천안시 동남구 충무로 437-1
충남청,천안동남,원성,파출소,충청남도 천안시 동남구 충절로 161
충남청,천안동남,일봉,지구대,충청남도 천안시 동남구 차돌로 44
충남청,천안동남,청수,파출소,충청남도 천안시 동남구 청수 14로 103
충남청,서산,대산,지구대,충청남도 서산시 대산읍 충의로 1932
충남청,서산,서부,지구대,충청남도 서산시  호수공원11로 31
충남청,서산,동부,파출소,충청남도 서산시  홍천로 20
충남청,서산,해미,파출소,충청남도 서산시 해미면 남문2로 183
충남청,서산,성연,파출소,충청남도 서산시 성연면 성연로 202
충남청,서산,부석,파출소,충청남도 서산시 부석면 취평2길 36
충남청,서산,팔봉,파출소,충청남도 서산시 팔봉면 팔봉1로 409
충남청,아산,온천,지구대,충청남도 아산시  삼동로16번길 7-11
충남청,아산,온양,지구대,충청남도 아산시  시민로258번길 3-1
충남청,아산,충무,지구대,충청남도 아산시  시민로 370-12
충남청,아산,신창,파출소,충청남도 아산시 신창면 서북부로 610
충남청,아산,탕정,파출소,충청남도 아산시 탕정로23번길 7
충남청,아산,인주,파출소,충청남도 아산시 인주면 공세길 54 공세리 282-2
충남청,아산,도고선장,파출소,충청남도 아산시 도고면 아산만로198번길 10
충남청,아산,음봉,파출소,충청남도 아산시 음봉면 음봉면로 19
충남청,아산,둔포,파출소,충청남도 아산시 둔포면 둔포면로 37
충남청,아산,영인,파출소,충청남도 아산시 영인면 아산리길 23 
충남청,아산,배방,파출소,충청남도 아산시 배방읍 모산로 151
충남청,아산,장재,파출소,충청남도 아산시 배방읍 용연로 92
충남청,논산,계룡,지구대,충청남도 계룡시 엄사면 계백로 3120
충남청,논산,논산,지구대,충청남도 논산시  해월로 157 
충남청,논산,강경,지구대,충청남도 논산시 강경읍 대흥로 1-2
충남청,논산,연무,지구대,충청남도 논산시 연무읍 안심로61번길 4
충남청,논산,상월,파출소,충청남도 논산시 상월면 백일헌로 1035 
충남청,논산,양촌,파출소,충청남도 논산시 양촌면 황산벌로 428
충남청,논산,연산,파출소,충청남도 논산시 연산면 선비로275번길 28
충남청,공주,신관,지구대,충청남도 공주시  한적2길 25
충남청,공주,금학,지구대,충청남도 공주시  우금티로 535
충남청,공주,유구,파출소,충청남도 공주시 유구읍 중앙1길 115
충남청,공주,탄천이인,파출소,충청남도 공주시 이인면 은행길 34
충남청,공주,반포,파출소,충청남도 공주시 반포면 반포초교길 15
충남청,공주,정안,파출소,충청남도 공주시 정안면 정안중앙길 169 
충남청,공주,계룡,파출소,충청남도 공주시 계룡면 영규대사로 495
충남청,공주,우성사곡,파출소,충청남도 공주시 우성면 동대리길 75
충남청,보령,해수욕장,지구대,충청남도 보령시  머드로 70
충남청,보령,동대,지구대,충청남도 보령시  신설1길 53
충남청,보령,미산,파출소,충청남도 보령시 미산면 만수로 1129
충남청,보령,천북,파출소,충청남도 보령시 천북면 하궁길 8
충남청,보령,주포,파출소,충청남도 보령시 주포면 보령읍성길 80-32
충남청,보령,대천,파출소,충청남도 보령시  구시1길 38
충남청,보령,웅천,파출소,충청남도 보령시 웅천읍 충서로 928길  
충남청,보령,오천,파출소,충청남도 보령시 오천면 소성안길 50 
충남청,당진,중앙,지구대,충청남도 당진시 당진중앙2로157
충남청,당진,신평,파출소,충청남도 당진시 신평면 신평로840
충남청,당진,면천,파출소,충청남도 당진시 면천면 면천서문1길 82
충남청,당진,합덕,파출소,충청남도 당진시 합덕읍 합우로168
충남청,당진,석문,지구대,충청남도 당진시 석문면 통정3길 13
충남청,당진,송악,지구대,충청남도 당진시 송악로 660 송악파출소
충남청,당진,송산,파출소,충청남도 당진시 송산면 상거중앙길 59
충남청,당진,순성,파출소,충청남도 당진시 순성면 순성로 507-3
충남청,홍성,오관,지구대,충청남도 홍성군 홍성읍 내포로 14
충남청,홍성,내포,지구대,충청남도 홍성군 홍북읍 홍학로 56
충남청,홍성,광천,지구대,충청남도 홍성군 광천읍 광천로 341-2
충남청,홍성,서부결성,파출소,충청남도 홍성군 서부면 서부로 514
충남청,홍성,홍동장곡,파출소,충청남도 홍성군 홍동면 홍장남로 711
충남청,홍성,갈산,파출소,충청남도 홍성군 갈산면 갈산로 95
충남청,홍성,금마,파출소,충청남도 홍성군 금마면 금북로 32
충남청,예산,예산,지구대,충청남도 예산군 예산읍 아리랑로 22
충남청,예산,삽교,지구대,충청남도 예산군 삽교읍 삽교로1길 28
충남청,예산,덕산,지구대,충청남도 예산군 덕산면 덕산온천로 427
충남청,예산,대술신양,파출소,충청남도 예산군 대술면 대술로 145-1
충남청,예산,광시대흥,파출소,충청남도 예산군 광시면 예당로 157 
충남청,예산,신례원신암,파출소,충청남도 예산군 예산읍 신례원로 181번길
충남청,부여,백강,지구대,충청남도 부여군 부여읍 사비로 93
충남청,부여,외내산,파출소,충청남도 부여군 외산면 외산로 69
충남청,부여,임천,파출소,충청남도 부여군 임천면 성흥로 117
충남청,부여,세도,파출소,충청남도 부여군 세도면 세도중앙로 30
충남청,부여,홍산,파출소,충청남도 부여군 홍산면 홍산로 70 
충남청,부여,구룡,파출소,충청남도 부여군 구룡면 흥수로 158
충남청,부여,석성,파출소,충청남도 부여군 부여읍 왕릉로 695
충남청,부여,규암,파출소,충청남도 부여군 규암면 수북로 73 
충남청,부여,은산,파출소,충청남도 부여군 은산면 충절로 2792
충남청,서천,금강,지구대,충청남도 서천군 장항읍 장항로 134
충남청,서천,서림,지구대,충청남도 서천군 서천읍 서천로 69
충남청,서천,판교,파출소,충청남도 서천군 판교면 대백제로1908
충남청,서천,한산,파출소,충청남도 서천군 한산면 한마로61번길 3-4
충남청,서천,비인,파출소,충청남도 서천군 비인면 비인로 193
충남청,서천,서면,파출소,충청남도 서천군 서면 서인로 541 
충남청,서천,마서,파출소,충청남도 서천군 마서면 장서로 691
충남청,금산,봉황,지구대,충청남도 금산군 제원면 금강로 113
충남청,금산,진악,지구대,충청남도 금산군 금산읍 금산로 1446
충남청,금산,진산,파출소,충청남도 금산군 진산면 대둔산로 405 
충남청,금산,복수,파출소,충청남도 금산군 복수면 복수로 114
충남청,금산,추부,파출소,충청남도 금산군 추부면 마전로 56-1
충남청,청양,정산,파출소,충청남도 청양군 정산면 칠갑산로 1948 
충남청,청양,칠갑,지구대,충청남도 청양군 청양읍 칠갑산로 213
충남청,청양,장평청남,파출소,충청남도 청양군 장평면 닭우리고개길 39
충남청,청양,화성남양,파출소,충청남도 청양군 화성면 무한로 130
충남청,청양,비봉,파출소,충청남도 청양군 청양읍 충절로 1988
충남청,청양,운곡,파출소,충청남도 청양군 운곡면 청신로 878
충남청,태안,태안,지구대,충청남도 태안군 태안읍 중앙로 177
충남청,태안,안면,파출소,충청남도 태안군 안면읍 장터로 145
충남청,태안,원북,파출소,충청남도 태안군 원북면 상리길 31-4
충남청,태안,근흥,파출소,충청남도 태안군 근흥면 근흥로 730
충남청,태안,남면,파출소,충청남도 태안군 남면 남면로 101
전북청,전주완산,서신,지구대,전라북도 전주시 완산구  새터로 46 서신지구대
충남청,태안,소원,파출소,충청남도 태안군 소원면 신덕길 17-1
전북청,전주완산,남문,지구대,전라북도 전주시 완산구  대동로 95 남문지구대
전북청,전주완산,삼천,지구대,전라북도 전주시 완산구  성지산로 24 삼천지구대
전북청,전주완산,화산,지구대,전라북도 전주시 완산구  서원로 295 화산지구대
전북청,전주완산,효자,지구대,전라북도 전주시 완산구  용머리로 125 효자지구대
전북청,전주완산,서부,지구대,전라북도 전주시 완산구  마전들로 1 서부파출소
전북청,전주완산,평화,지구대,전라북도 전주시 완산구  평화로 159 평화파출소
전북청,전주완산,서학,파출소,전라북도 전주시 완산구  서학3길 45 서학파출소
전북청,전주덕진,덕진,지구대,전라북도 전주시 덕진구  사평로 76 덕진지구대
전북청,전주덕진,아중,지구대,전라북도 전주시 덕진구  진버들4길 10 아중지구대
전북청,전주덕진,모래내,지구대,전라북도 전주시 덕진구  안덕원로 173 모래내지구대
전북청,전주덕진,호성,파출소,전라북도 전주시 덕진구  동부대로 871 호성파출소
전북청,전주덕진,역전,파출소,전라북도 전주시 덕진구  동부대로 688 역전파출소
전북청,전주덕진,여의,파출소,전라북도 전주시 덕진구  쪽구름로 82 여의파출소
전북청,전주덕진,팔복,파출소,전라북도 전주시 덕진구  신복로 58 팔복파출소
전북청,전주덕진,솔내,파출소,전라북도 전주시 덕진구  솔내6길 23 솔내파출소
전북청,전주덕진,송천2,파출소,전라북도 전주시 덕진구  송천로 50 송천2파출소
전북청,전주덕진,진북,파출소,전라북도 전주시 덕진구  진북1길 19 진북파출소
전북청,전주덕진,혁신,파출소,전라북도 전주시 덕진구  출판로 92 혁신파출소
전북청,군산,나운,지구대,전라북도 군산시  대학로 293
전북청,군산,임피,파출소,전라북도 군산시 임피면 서원석곡로 610
전북청,군산,성산,파출소,전라북도 군산시 성산면 동군산로 25
전북청,군산,나포,파출소,전라북도 군산시 성산면 십자들로 644
전북청,군산,서수,파출소,전라북도 군산시 서수면 항쟁로 191
전북청,군산,대야,파출소,전라북도 군산시 대야면 만자로 10
전북청,군산,개정,파출소,전라북도 군산시  번영로 459
전북청,군산,회현,파출소,전라북도 군산시 회현면 회현로 173
전북청,군산,은파,지구대,전라북도 군산시  백토로 221번지
전북청,군산,옥산,파출소,전라북도 군산시 옥산면 옥산로 236(옥산면)
전북청,군산,옥구,파출소,전라북도 군산시  대학로 806
전북청,군산,개야도,파출소,전라북도 군산시 옥도면 개야도2길 19 개야도파출소
전북청,군산,어청도,파출소,전라북도 군산시 옥도면 어청도길 93
전북청,군산,선유도,파출소,전라북도 군산시 옥도면 선유북길 70-2
전북청,군산,옥서,파출소,전라북도 군산시 옥서면 옥구저수지로 182
전북청,군산,비응,파출소,전라북도 군산시  요죽안2길 31
전북청,군산,중앙,파출소,전라북도 군산시  서래안2길 24
전북청,군산,개복,파출소,전라북도 군산시  중정1길 16
전북청,군산,경장,지구대,전라북도 군산시  조촌2길 92-02
전북청,군산,서해,지구대,전라북도 군산시  공항로 377
전북청,군산,수송,지구대,전라북도 군산시  미장안길 미장안3길 3
전북청,익산,신동,지구대,전라북도 익산시  익산대로64길 34
전북청,익산,부송팔봉,지구대,전라북도 익산시 무왕로 1152
전북청,익산,중앙,지구대,전라북도 익산시  인북로 146
전북청,익산,평화,지구대,전라북도 익산시  인북로1길 26
전북청,익산,금마,파출소,전라북도 익산시 금마면 동고도리 874
전북청,익산,여산,파출소,전라북도 익산시 여산면 가람로 376
전북청,익산,왕궁,파출소,전라북도 익산시 왕궁면 왕궁로 537
전북청,익산,용안,파출소,전라북도 익산시 용안면 현내1로 88
전북청,익산,망성,파출소,전라북도 익산시 망성면 무네미길 94
전북청,익산,황등,파출소,전라북도 익산시 황등면 황등로 120
전북청,익산,삼기,파출소,전라북도 익산시 삼기면 황금로 475
전북청,익산,함라,파출소,전라북도 익산시 함라면 수동길 4
전북청,익산,함열,파출소,전라북도 익산시 함열읍 함열1길 33 
전북청,익산,낭산,파출소,전라북도 익산시 낭산면 함낭로 957 낭산파출소
전북청,익산,웅포,파출소,전라북도 익산시 웅포면 웅포리 806
전북청,익산,성당,파출소,전라북도 익산시 성당면 성당로 159
전북청,익산,용동,파출소,전라북도 익산시 용동면 용동1길 80-27 용동파출소
전북청,익산,오산,파출소,전라북도 익산시 오산면 평동로 302
전북청,익산,춘포,파출소,전라북도 익산시  춘포로 340
전북청,정읍,중앙,지구대,전라북도 정읍시  수성5로 45-14
전북청,정읍,상동,지구대,전라북도 정읍시  상사3길 22
전북청,정읍,태인,파출소,전라북도 정읍시 태인면 태인로 41
전북청,정읍,북면,파출소,전라북도 정읍시 북면 정읍북로 554 북면파출소
전북청,정읍,칠보,파출소,전라북도 정읍시 칠보면 칠보중앙로 97 칠보파출소
전북청,정읍,산외,파출소,전라북도 정읍시 칠보면 산외로 438
전북청,정읍,산내,파출소,전라북도 정읍시 산내면 능교신기길2
전북청,정읍,농소,파출소,전라북도 정읍시  충정로 545
전북청,정읍,입암,파출소,전라북도 정읍시 입암면 정읍남로 501 입암파출소
전북청,정읍,과교,파출소,전라북도 정읍시  정읍사로 145
전북청,정읍,고부,파출소,전라북도 정읍시 고부면 영주로 542
전북청,정읍,이평,파출소,"전라북도 정읍시  황토현로 304번지 ""이평파출소"""
전북청,정읍,신태인,파출소,전라북도 정읍시 신태인읍 신태인중앙로 30
전북청,정읍,감곡,파출소,전라북도 정읍시 감곡면 원삼1길 33
전북청,정읍,소성,파출소,전라북도 정읍시 소성면 보화1길 118
전북청,정읍,역전,지구대,전라북도 정읍시  서부산업도로 303
전북청,남원,중앙,지구대,전라북도 남원시  충정로 43
전북청,남원,도통,지구대,전라북도 남원시  요천로 1812 
전북청,남원,금지,파출소,전라북도 남원시 금지면 요천로 527
전북청,남원,운봉,파출소,전라북도 남원시 운봉읍 운성로 30
전북청,남원,인월,파출소,전라북도 남원시 인월면 인월로 56
전북청,남원,산내,파출소,전라북도 남원시 산내면 대정길 119
전북청,남원,아영,파출소,전라북도 남원시 아영면 아백로 363
전북청,남원,송동,파출소,전라북도 남원시 송동면 송기길 58
전북청,남원,대강,파출소,전라북도 남원시 금지면 섬진로 885
전북청,남원,사매,파출소,전라북도 남원시 사매면 덕오로 100
전북청,남원,보절,파출소,전라북도 남원시 보절면 신흥2길 11
전북청,김제,신풍,지구대,전라북도 김제시 금성8길 21
전북청,김제,월촌,지구대,전라북도 김제시 부량면 벽골제로 837
전북청,김제,백산,파출소,전라북도 김제시 백산면 백산로 52-1
전북청,김제,용지,파출소,전라북도 김제시 용지면 용지로 447
전북청,김제,공덕,파출소,전라북도 김제시 공덕면 유강로 221
전북청,김제,백구,파출소,전라북도 김제시 번영로 2503
전북청,김제,금산,파출소,전라북도 김제시 금산면 원평로 85
전북청,김제,금구,파출소,전라북도 김제시 금구면 봉두로 77
전북청,김제,봉남,파출소,전라북도 김제시 금산면 봉남로 415
전북청,김제,만경,파출소,전라북도 김제시 만경읍 두내산로 53
전북청,김제,진봉,파출소,전라북도 김제시 성덕면 지평선로 1748
전북청,김제,죽산,파출소,전라북도 김제시 죽산면 죽산로 119-7
전북청,완주,소양,파출소,전라북도 완주군 소양면 소양로 228
전북청,완주,상관,파출소,전라북도 완주군 상관면 신리로 83
전북청,완주,이서,파출소,전라북도 완주군 이서면 이서로 51
전북청,완주,고산,파출소,전라북도 완주군 고산면 고산로 93
전북청,완주,화산,파출소,전라북도 완주군 화산면 화산로 860
전북청,완주,운주,파출소,전라북도 완주군 운주면 운주로 120
전북청,완주,구이,파출소,전라북도 완주군 구이면 구이로 1501-1
전북청,완주,둔산,파출소,전라북도 완주군 봉동읍 과학로 1041
전북청,완주,봉동,파출소,전라북도 완주군 봉동읍 봉동동서로 145 봉동파출소
전북청,완주,용진,파출소,전라북도 완주군 용진면 완주로 198
전북청,완주,삼례,파출소,전라북도 완주군 삼례읍 삼례역로 29
전북청,고창,모양,지구대,전라북도 고창군 고창읍 남구1길 14 모양지구대
전북청,고창,대산,파출소,전라북도 고창군 대산면 고산성로 4번지 대산파출소
전북청,고창,공음,파출소,전라북도 고창군 공음면 공음길 39-1 공음파출소
전북청,고창,성송,파출소,전라북도 고창군 성송면 대성로 777 성송파출소
전북청,고창,아산,파출소,전라북도 고창군 아산면 녹두로 796 아산파출소
전북청,고창,해리,파출소,전라북도 고창군 해리면 해리중앙로 49 해리파출소
전북청,고창,무장,파출소,전라북도 고창군 무장읍성길 55 무장파출소
전북청,고창,흥덕,파출소,전라북도 고창군 흥덕면 선운대로 3759 흥덕파출소
전북청,고창,부안,파출소,전라북도 고창군 부안면 복분자로 873 부안파출소
전북청,부안,서림,지구대,전라북도 부안군 부안읍 석정로 154 서림지구대
전북청,부안,진서,파출소,전라북도 부안군 진서면 곰소8길 14 진서파출소
전북청,부안,보안,파출소,전라북도 부안군 보안면 부안로 1154 보안파출소
전북청,부안,줄포,파출소,전라북도 부안군 줄포면 줄포1길 4 줄포파출소
전북청,부안,위도,파출소,전라북도 부안군 위도면 위도로 247 위도파출소
전북청,부안,격포,파출소,전라북도 부안군 변산면 격포로 180 격포파출소
전북청,부안,하서,파출소,전라북도 부안군 상서면 하서길 52 하서파출소
전북청,부안,계화,파출소,전라북도 부안군 동진면 간재로 399 계화파출소
전북청,부안,상서,파출소,전라북도 부안군 상서면 부안로 1991 상서파출소
전북청,부안,주산,파출소,전라북도 부안군 주산면 선돌로 325 주산파출소
전북청,임실,오수,지구대,전라북도 임실군 오수면 충효로 2095-7
전북청,임실,운수,파출소,전라북도 임실군 임실읍 봉황로 212
전북청,임실,강진,파출소,전라북도 임실군 강진면 강운로 143
전북청,임실,하운암,파출소,전라북도 임실군 운암면 강운로 1018
전북청,임실,관촌,파출소,전라북도 임실군 관촌면 사선로 35
전북청,임실,신평,파출소,전라북도 임실군 신평면 가덕로 665
전북청,순창,팔덕,파출소,"전라북도 순창군 팔덕면 강천로 334, 팔덕파출소"
전북청,순창,쌍치,파출소,"전라북도 순창군 쌍치면 쌍계로 25번지, 쌍치파출소"
전북청,순창,복흥,파출소,전라북도 순창군 복흥면 추령로 1147 복흥파출소
전북청,순창,구림,파출소,"전라북도 순창군 구림면 구림로 469, 구림파출소"
전북청,순창,남계,파출소,"전라북도 순창군 순창읍 남계로 30, 남계파출소"
전북청,순창,순화,파출소,"전라북도 순창군 순창읍 장류로 338, 순화파출소 "
전북청,순창,동계,파출소,"전라북도 순창군 동계면 충효로 347, 동계파출소 "
전북청,진안,동향안천,파출소,전라북도 진안군 동향면 양지길 35 (동향안천파출소)
전북청,진안,마령,파출소,전라북도 진안군 마령면 임진로 2100(마령파출소)
전북청,진안,백운,파출소,전라북도 진안군 백운면 임진로 1338(백운파출소)
전북청,진안,성수,파출소,전라북도 진안군 성수면 관진로 771 (성수파출소)
전북청,진안,부귀,파출소,전라북도 진안군 부귀면 부귀로 335 (부귀파출소)
전북청,진안,주천용담,파출소,전라북도 진안군 주천면 동상주천로 2201 (주천용담파출소)
전북청,진안,마이,파출소,전라북도 진안군 진안읍 진무로 1018(마이파출소)
전북청,진안,정천상전,파출소,전라북도 진안군 정천면 봉학로 105(정천상전파출소)
전북청,장수,장수,파출소,전라북도 장수군 장수읍 장천로 228 
전북청,장수,번암,파출소,전라북도 장수군 번암면 장수로 474
전북청,장수,산서,파출소,전라북도 장수군 산서면 비행로 20
전북청,장수,장계,파출소,전라북도 장수군 장계면 한들로 97
전북청,장수,천천,파출소,전라북도 장수군 천천면 천천로 67 
전북청,장수,계북,파출소,전라북도 장수군 계북면 장무로 953
전북청,무주,주계,파출소,전라북도 무주군 무주읍 적천로 367 
전북청,무주,설천,파출소,전라북도 무주군 설천면 무설로 1549 
전북청,무주,구천,파출소,전라북도 무주군 설천면 구천동1로 160
전북청,무주,안성,파출소,전라북도 무주군 안성면 안성로 274
전북청,무주,적상,파출소,전라북도 무주군 적상면 적상산로 37 적상파출소
전북청,무주,무풍,파출소,전라북도 무주군 무풍면 현내로 203
전북청,무주,부남,파출소,전라북도 무주군 부남면 부남로 856
전남청,목포,하당,지구대,전라남도 목포시  하당로 62
전남청,목포,흑산,파출소,전라남도 신안군 흑산면 예리1길 80-4
전남청,목포,하의,파출소,전라남도 신안군 하의면 곰실길 19
전남청,목포,안좌,파출소,전라남도 신안군 안좌면 안좌동부길 832
전남청,목포,팔금,파출소,전라남도 신안군 팔금면 탑목개길 149
전남청,목포,지도,파출소,전라남도 신안군 지도읍 읍내길 79
전남청,목포,임자,파출소,전라남도 신안군 임자면 진리길 1
전남청,목포,자은,파출소,전라남도 신안군 자은면 구영2길 71 
전남청,목포,암태,파출소,전라남도 신안군 암태면 중부로 1827-2
전남청,목포,비금,파출소,전라남도 신안군 비금면 읍동길 39
전남청,목포,도초,파출소,전라남도 신안군 도초면 서남문로1523
전남청,목포,장산,파출소,전라남도 신안군 장산면 장산로 365
전남청,목포,가거,파출소,전라남도 신안군 흑산면 가거도길 41-2
전남청,목포,압해,파출소,전라남도 신안군 압해읍 압해로 864
전남청,목포,증도,파출소,전라남도 신안군 증도면 문준경길208
전남청,목포,신의,파출소,전라남도 신안군 신의면 상동길 31 
전남청,목포,역전,파출소,전라남도 목포시  영산로 88-1
전남청,목포,중앙,파출소,전라남도 목포시  영산로121번길 61
전남청,목포,연동,파출소,전라남도 목포시  영산로 259
전남청,목포,삼학,파출소,전라남도 목포시  삼학로 151
전남청,목포,산정,파출소,전라남도 목포시  마파지로 90
전남청,목포,죽교,파출소,전라남도 목포시  북항로 117
전남청,여수,쌍봉,지구대,전라남도 여수시  흥국로 19
전남청,목포,용당,파출소,전라남도 목포시  양을로 239 
전남청,여수,소라,파출소,전라남도 여수시 소라면 덕양로 452
전남청,목포,상동,파출소,전라남도 목포시  영산로 495-2
전남청,여수,삼일,파출소,전라남도 여수시 중흥4로 20-10
전남청,목포,이로,파출소,전라남도 목포시  하당로 252
전남청,여수,돌산,파출소,전라남도 여수시 돌산읍 돌산로 1258-3
전남청,목포,부주,파출소,전라남도 목포시 남악1로42번길 21
전남청,여수,화양,파출소,전라남도 여수시 화양면 나진길 14-12
전남청,여수,율촌,파출소,전라남도 여수시 율촌면 율촌로 103
전남청,여수,만흥,파출소,전라남도 여수시  망양로 221
전남청,여수,화정,파출소,전라남도 여수시 화정면 백야2길 9 
전남청,여수,남면,파출소,전라남도 여수시 남면 금오로 870
전남청,여수,삼산,파출소,전라남도 여수시 삼산면 거문길 26-8
전남청,여수,중앙,파출소,전라남도 여수시  수정2길 14
전남청,여수,동문,파출소,전라남도 여수시  이순신광장로 200-1
전남청,여수,봉산,파출소,전라남도 여수시  어항로 43
전남청,여수,남산,파출소,전라남도 여수시  남산북10길 2
전남청,여수,여문,파출소,전라남도 여수시  여문1로31
전남청,여수,미평,파출소,전라남도 여수시  좌수영로 431
전남청,여수,광무,파출소,전라남도 여수시  좌수영로 150
전남청,여수,신기,파출소,전라남도 여수시  새터로 31
전남청,순천,금당,지구대,전라남도 순천시  기적의도서관2길 3
전남청,순천,왕조,지구대,전라남도 순천시  왕지2길 10-8 
전남청,순천,남문,파출소,전라남도 순천시  중앙로 2
전남청,순천,북문,파출소,전라남도 순천시  중앙로 214
전남청,순천,별량,파출소,전라남도 순천시 별량면 반곡길 2
전남청,순천,낙안,파출소,전라남도 순천시 낙안면 조정래길 776
전남청,순천,황전,파출소,전라남도 순천시 황전면 괴목길 97
전남청,순천,송광,파출소,전라남도 순천시 송광면 쌍향수길 1332 
전남청,순천,주암,파출소,전라남도 순천시 주암면 동주로 2046
전남청,순천,승주,파출소,전라남도 순천시 승주읍 승주로 723-3
전남청,순천,해룡,파출소,전라남도 순천시 해룡면 월전길 43
전남청,순천,연향,파출소,전라남도 순천시  연향번영길 58
전남청,순천,역전,파출소,전라남도 순천시  팔마로 117
전남청,순천,남도,파출소,전라남도 순천시  지현길 21
전남청,순천,서면,파출소,전라남도 순천시 서면 동산길 16
전남청,순천,삼산,파출소,전라남도 순천시  중앙로 298
전남청,순천,신대,파출소,전라남도 순천시 해룡면 매안5길 17
전남청,나주,금성,지구대,전라남도 나주시  학생운동길 16
전남청,나주,왕곡,파출소,전라남도 나주시 왕곡면 나주서부로 384
전남청,나주,공산,파출소,전라남도 나주시 공산면 공산로 134
전남청,나주,금천,파출소,전라남도 나주시  금천면 금영로 941
전남청,나주,노안,파출소,전라남도 나주시 노안면 금산로 32-53
전남청,나주,남평,파출소,전라남도 나주시 남평읍 남평1로 37
전남청,나주,봉황,파출소,전라남도 나주시 봉황면 봉황로 702
전남청,나주,산포,파출소,전라남도 나주시 산포면 산포로 443-5
전남청,나주,영산,파출소,전라남도 나주시  영산포로 188
전남청,나주,다시,파출소,전라남도 나주시 다시면 다시로 185
전남청,나주,빛가람,파출소,전라남도 나주시  그린로 310
전남청,광양,읍내,지구대,전라남도 광양시 광양읍 백운로 10
전남청,광양,중마,지구대,전라남도 광양시  시청로 22
전남청,광양,진상,파출소,전라남도 광양시 진상면 신시길 219
전남청,광양,옥룡,파출소,전라남도 광양시 옥룡면 신재로 620
전남청,광양,골약,파출소,전라남도 광양시 지동길 6-4
전남청,광양,광영,파출소,전라남도 광양시  광영로 87
전남청,광양,옥곡,파출소,전라남도 광양시 옥곡면 옥진로 650
전남청,광양,태금,파출소,전라남도 광양시  담안길 담안길 87
전남청,고흥,포두,파출소,전라남도 고흥군 포두면 우주로 616
전남청,고흥,대서,파출소,전라남도 고흥군 대서면 석장1길 2
전남청,고흥,봉래,파출소,전라남도 고흥군 봉래면 축정2길 9
전남청,고흥,도화,파출소,전라남도 고흥군 도화면 중심길 32
전남청,고흥,금산,파출소,전라남도 고흥군 금산면 거금중앙길 50
전남청,고흥,동강,파출소,전라남도 고흥군 동강면 원유둔1길 14
전남청,고흥,읍내,파출소,전라남도 고흥군 고흥읍 학교길 74
전남청,고흥,녹동,파출소,전라남도 고흥군 도양읍 비봉로 146
전남청,고흥,풍양,파출소,전라남도 고흥군 풍양면 죽시장터길 5
전남청,고흥,과역,파출소,전라남도 고흥군 과역면 고흥로 2964 
전남청,고흥,점암,파출소,전라남도 고흥군 점암면 모룡길 34
전남청,고흥,영남,파출소,전라남도 고흥군 영남면 팔영로 1041
전남청,해남,읍내,지구대,전라남도 해남군 해남읍 읍사무소길 46
전남청,해남,화원,파출소,전라남도 해남군 화원면 청용길 5
전남청,해남,화산,파출소,전라남도 해남군 화산면 해남화산로 1059
전남청,해남,산이,파출소,전라남도 해남군 산이면 비석길 105
전남청,해남,송지,파출소,전라남도 해남군 송지면 산정1길 104
전남청,해남,북평,파출소,전라남도 해남군 북평면 달량진길 42
전남청,해남,문내,파출소,전라남도 해남군 문내면 동헌길 36
전남청,해남,삼산,파출소,전라남도 해남군 현산면 고산로 519
전남청,해남,황산,파출소,전라남도 해남군 황산면 시등로 124
전남청,해남,마산,파출소,전라남도 해남군 마산면 은적사길 7
전남청,해남,옥천,파출소,전라남도 해남군 옥천면 해남로 397
전남청,해남,현산,파출소,전라남도 해남군 현산면 일평길 8
전남청,무안,남악,지구대,전라남도 무안군 삼향읍 남악영산길 49
전남청,무안,해제,파출소,전라남도 무안군 해제면 양간로 85
전남청,무안,일로,파출소,전라남도 무안군 일로읍 일로로 55
전남청,무안,승달,파출소,전라남도 무안군 무안읍 불무로 38-11
전남청,무안,청계,파출소,전라남도 무안군 청계면 영산로 1696
전남청,무안,현경,파출소,전라남도 무안군 현경면 현해로 106
전남청,무안,운남,파출소,전라남도 무안군 운남면 운해로 574-1
전남청,장흥,읍내,지구대,전라남도 장흥군 장흥읍 동부로 2
전남청,장흥,안양,파출소,전라남도 장흥군 안양면 남부관광로 734
전남청,장흥,관산,파출소,전라남도 장흥군 관산읍 관산로 101
전남청,장흥,대덕,파출소,전라남도 장흥군 대덕읍 대대로 931
전남청,장흥,회진,파출소,전라남도 장흥군 회진면 회진로 438
전남청,장흥,장평,파출소,전라남도 장흥군 장평면 장평중앙길 57
전남청,장흥,용산,파출소,전라남도 장흥군 용산면 장흥대로 2459 
전남청,보성,회천,파출소,전라남도 보성군 회천면 우암1길 7
전남청,보성,예당,파출소,전라남도 보성군 득량면 예당길 131
전남청,보성,읍내,파출소,전라남도 보성군 보성읍 송재로 278
전남청,보성,미력,파출소,전라남도 보성군 미력면 송재로 593 
전남청,보성,벌교,파출소,전라남도 보성군 벌교읍 채동선로 254
전남청,보성,조성,파출소,전라남도 보성군 조성면 조성로 95
전남청,보성,복내,파출소,전라남도 보성군 복내면 송재로 1812
전남청,보성,겸백,파출소,전라남도 보성군 겸백면 충의로 2466
전남청,영광,읍내,지구대,전라남도 영광군 영광읍 천년로13길 29
전남청,영광,낙월,파출소,전라남도 영광군 낙월면 낙월길 78-2
전남청,영광,백수,파출소,전라남도 영광군 백수읍 백수로10길 53
전남청,영광,염산,파출소,전라남도 영광군 염산면 천년로1길 53
전남청,영광,군남,파출소,전라남도 영광군 군남면 천년로 837
전남청,영광,법성,파출소,전라남도 영광군 법성면 법성포로1길 25-18
전남청,영광,홍농,파출소,전라남도 영광군 홍농읍 상하길41
전남청,영광,대마,파출소,전라남도 영광군 대마면 영장로 253
전남청,화순,읍내,지구대,전라남도 화순군 화순읍 충의로 152
전남청,화순,도곡,파출소,전라남도 화순군 도곡면 지석로 1108
전남청,화순,사평,파출소,전라남도 화순군 남면 사호로 213
전남청,화순,능주,파출소,전라남도 화순군 능주면 관동길 19
전남청,화순,역전,파출소,전라남도 화순군 화순읍 오성로 488
전남청,화순,동복,파출소,전라남도 화순군 동복면 오지호로 285
전남청,화순,동면,파출소,전라남도 화순군 동면 충의로 773
전남청,화순,이양,파출소,전라남도 화순군 이양면 이양로 133
전남청,함평,남부,파출소,전라남도 함평군 학교면 닻빼기길 2
전남청,함평,읍내,파출소,전라남도 함평군 함평읍 함장로 1202-16
전남청,함평,대동,파출소,전라남도 함평군 대동면 대동길 5-8
전남청,함평,해보,파출소,전라남도 함평군 해보면 밀재로 1255
전남청,함평,월야,파출소,전라남도 함평군 월야면 밀재로 1551
전남청,함평,나산,파출소,전라남도 함평군 나산면 나산길 84
전남청,함평,서부,파출소,전라남도 함평군 손불면 손무로 734
전남청,영암,삼호,지구대,전라남도 영암군 삼호읍 대불주거로 188
전남청,영암,신북,파출소,전라남도 영암군 신북면 간은정로 33-6
전남청,영암,시종,파출소,전라남도 영암군 시종면 고분로11
전남청,영암,읍내,파출소,전라남도 영암군 영암읍 낭주로 178
전남청,영암,군서,파출소,전라남도 영암군 군서면 왕인로 497
전남청,영암,학산,파출소,전라남도 영암군 학산면 영산로 28
전남청,장성,진남,파출소,전라남도 장성군 남면 못재로 93
전남청,장성,북이,파출소,전라남도 장성군 북이면 갈재로 3
전남청,장성,북일,파출소,전라남도 장성군 북일면 신흥로 410
전남청,장성,읍내,파출소,전라남도 장성군 장성읍 역전로 80
전남청,장성,삼계,파출소,전라남도 장성군 삼계면 사창로 58
전남청,장성,삼서,파출소,전라남도 장성군 삼서면 해삼로 1163 
전남청,장성,북하,파출소,전라남도 장성군 북하면 백양로 896
전남청,강진,읍내,지구대,전라남도 강진군 강진읍 목리길 20
전남청,강진,도암,파출소,전라남도 강진군 도암면 도암중앙로 51-1
전남청,강진,작천,파출소,전라남도 강진군 작천면 평리길 58
전남청,강진,성전,파출소,전라남도 강진군 성전면 별뫼로 382
전남청,강진,칠량,파출소,전라남도 강진군 칠량면 칠량로 72
전남청,강진,마량,파출소,전라남도 강진군 마량면 마량3길 5
전남청,강진,군동,파출소,전라남도 강진군 군동면 진흥로 325 
전남청,담양,금성,파출소,전라남도 담양군 금성면 석현길 10-9
전남청,담양,대전,파출소,전라남도 담양군 대전면 대전로 4
전남청,담양,수북,파출소,전라남도 담양군 수북면 추성1로 715 
전남청,담양,고서,파출소,전라남도 담양군 고서면 가사문학로 320
전남청,담양,창평,파출소,전라남도 담양군 창평면 의병로 164
전남청,담양,중앙,파출소,전라남도 담양군 담양읍 중앙로 73
전남청,곡성,읍내,파출소,전라남도 곡성군 곡성읍 중앙로 84-1
전남청,곡성,석곡,파출소,전라남도 곡성군 석곡면 석곡로 61
전남청,곡성,입면,파출소,전라남도 곡성군 입면 입면로 695
전남청,곡성,삼기,파출소,전라남도 곡성군 삼기면 곡순로 1425
전남청,곡성,옥과,파출소,전라남도 곡성군 옥과면 대학로 153
전남청,곡성,오곡,파출소,전라남도 곡성군 오곡면 기차마을로 161
전남청,곡성,죽곡,파출소,전라남도 곡성군 죽곡면 오죽로 20-3
전남청,완도,읍내,지구대,전라남도 완도군 완도읍 개포로 113
전남청,완도,군외,파출소,전라남도 완도군 군외면 청해진서로2100번길 66
전남청,완도,금일,파출소,전라남도 완도군 금일읍 금일로390번길 7-5
전남청,완도,보길,파출소,전라남도 완도군 보길면 보길동로 보길로 1-1
전남청,완도,청산,파출소,전라남도 완도군 청산면 도청4길 17
전남청,완도,소안,파출소,전라남도 완도군 소안면 비자39번길 33
전남청,완도,금당,파출소,전라남도 완도군 금당면 차우30번길 3-10
전남청,완도,약산,파출소,전라남도 완도군 약산면 약산로 367
전남청,완도,고금,파출소,전라남도 완도군 고금면 고금동로2번길 16
전남청,완도,신지,파출소,전라남도 완도군 신지면 신지로 551 
전남청,완도,노화,파출소,전라남도 완도군 노화읍 이목길 29-9
전남청,진도,조도,파출소,전라남도 진도군 조도면 창리길 11
전남청,진도,의신,파출소,전라남도 진도군 의신면 돈지1길 29
전남청,진도,읍내,파출소,전라남도 진도군 진도읍 남동3길 1
전남청,진도,고군,파출소,전라남도 진도군 고군면 진도대로 280
전남청,진도,임회,파출소,전라남도 진도군 임회면 석교길 47-15
전남청,진도,군내,파출소,전라남도 진도군 군내면 진도대로 7957
전남청,진도,지산,파출소,전라남도 진도군 지산면 인지인천1길 26
전남청,구례,읍내,파출소,전라남도 구례군 구례읍 로터리길 7
전남청,구례,광의,파출소,전라남도 구례군 광의면 광의철쭉동산로 8
전남청,구례,간전,파출소,전라남도 구례군 간전면 간전중앙로 188
전남청,구례,산동,파출소,전라남도 구례군 산동면 원촌길 94
전남청,구례,토지,파출소,전라남도 구례군 토지면 섬진강대로 5058
전남청,구례,마산,파출소,전라남도  구례군 마산면 화엄사로 144
경북청,경주,산내,파출소,경상북도 경주시 산내면 의곡중앙길 34 산내파출소
경북청,경주,양남,파출소,경상북도 경주시 양남면 하서중앙길 59
경북청,경주,외동,파출소,경상북도 경주시 외동읍 입실로 81
경북청,경주,불국,파출소,경상북도 경주시 산업로 2999 
경북청,경주,역전,파출소,경상북도 경주시 원화로 270 역전파출소
경북청,경주,보문,파출소,경상북도 경주시 경감로 589
경북청,경주,건천,파출소,경상북도 경주시 건천읍 내서로 1109
경북청,경주,서면,파출소,경상북도 경주시 건천읍 내서로 425
경북청,경주,안강,파출소,경상북도 경주시 안강읍 안강중앙로 223 안강파출소
경북청,경주,강동,파출소,경상북도 경주시 강동면 인동새들길 10
경북청,경주,감포,파출소,경상북도 경주시 감포읍 감포로3길 40 
경북청,경주,양북,파출소,경상북도 경주시 양북면 어일1길 39(어일리 837-2)
경북청,경주,중앙,파출소,경상북도 경주시 금성로 296-1 
경북청,경주,황남,파출소,경상북도 경주시 포석로 1052
경북청,경주,충효,파출소,경상북도 경주시 충효중앙길 50-5 
경북청,경주,내남,파출소,경상북도 경주시 내남면 포석로 370
경북청,경주,황성,파출소,경상북도 경주시 용담로 11
경북청,경주,성건,파출소,경상북도 경주시 금성로 424 성건파출소
경북청,경주,현곡,파출소,경상북도 경주시 현곡면 다경길 9-3
경북청,경주,동천,파출소,경상북도 경주시 탈해로 65
경북청,경주,용강,파출소,경상북도 경주시 산업로 4354 
경북청,경주,천북,파출소,경상북도 경주시 천북면 동산3길 9
경북청,포항북부,환여,파출소,경상북도 포항시 북구  삼호로 370
경북청,포항북부,신광,파출소,경상북도 포항시 북구 신광면 토성길 15
경북청,포항북부,송라,파출소,경상북도 포항시 북구 송라면 보경로 38
경북청,포항북부,죽장,파출소,경상북도 포항시 북구  새마을로 3606
경북청,포항북부,기계,파출소,경상북도 포항시 북구 기계면 기계로 92-11
경북청,포항북부,기북,파출소,경상북도 포항시 북구 기북면 기북로 433
경북청,포항북부,흥해,파출소,경상북도 포항시 북구 흥해읍 흥해로 78
경북청,포항북부,청하,파출소,경상북도 포항시 북구 청하면 청하로 178
경북청,포항북부,양학,파출소,경상북도 포항시 북구  양학로7
경북청,포항북부,죽도,파출소,경상북도 포항시 북구  중흥로 280
경북청,포항북부,덕산,파출소,경상북도 포항시 북구 중앙로 352
경북청,포항북부,용당,파출소,경상북도 포항시 북구  용당로91번길 10
경북청,포항북부,장성,파출소,경상북도 포항시 북구  법원로39번길 36
경북청,포항북부,학산,파출소,경상북도 포항시 북구  삼호로 147
경북청,포항북부,양덕,파출소,경상북도 포항시 북구 장량중앙로 65
경북청,포항남부,효곡대이,지구대,경상북도 포항시 남구 대잠길 15 
경북청,포항남부,상대,지구대,경상북도 포항시 남구 상공로 84
경북청,포항남부,구룡포,파출소,경상북도 포항시 남구 호미로 182번길
경북청,포항남부,장기,파출소,경상북도 포항시 남구 장기면 읍내길 94
경북청,포항남부,동해,파출소,경상북도 포항시 남구 동해면 일월로 52번길
경북청,포항남부,제철,파출소,경상북도 포항시 남구 동해안로 6041 
경북청,포항남부,호미곶,파출소,경상북도 포항시 남구 호미곶면 해맞이로160
경북청,포항남부,송도,파출소,경상북도 포항시 남구 축항로 115 
경북청,포항남부,대송,파출소,경상북도 포항시 남구 대송면 제내길 13
경북청,포항남부,연일,파출소,경상북도 포항시 남구 연일읍 철강로25번길 62
경북청,포항남부,오천,파출소,경상북도 포항시 남구 오천읍 정몽주로 547 
경북청,포항남부,문덕,파출소,경상북도 포항시 남구 오천읍 냉천로 318
경북청,포항남부,해도,파출소,경상북도 포항시 남구 상공로 228 
경북청,구미,상림,지구대,경상북도 구미시 금오대로 482
경북청,구미,원평,지구대,경상북도 구미시 원남로2길 26
경북청,구미,형곡,지구대,경상북도 구미시 경은로 56
경북청,구미,도량,지구대,경상북도 구미시 문장로 119
경북청,구미,봉곡,파출소,경상북도 구미시 봉곡남로 16
경북청,구미,도개,파출소,경상북도 구미시 도개면 도안로 121
경북청,구미,장천,파출소,경상북도 구미시 장천면 강동로 170
경북청,구미,고아,파출소,경상북도 구미시 선산대로 974-6
경북청,구미,산동,파출소,경상북도 구미시 산동면 강동로 1030 
경북청,구미,해평,파출소,경상북도 구미시 해평면 강동로 1661
경북청,구미,선산,파출소,경상북도 구미시 선산읍 선산중앙로 79
경북청,구미,무을,파출소,경상북도 구미시 무을면 상무로 951
경북청,구미,옥성,파출소,경상북도 구미시 선산읍 선상동로 841
경북청,구미,양포,파출소,경상북도 구미시 흥안로 6
경북청,구미,신평,파출소,경상북도 구미시 칠성로2길 32
경북청,구미,인동,파출소,경상북도 구미시 인동중앙로 28
경북청,구미,진평,파출소,경상북도 구미시 인동22길 33
경북청,경산,서부,지구대,경상북도 경산시 성암로 27
경북청,경산,중앙,파출소,경상북도 경산시 대학로 207
경북청,경산,자인,파출소,경상북도 경산시 자인면 금학로 8
경북청,경산,동부,파출소,경상북도 경산시 계양로 44
경북청,경산,하양,파출소,경상북도 경산시 하양읍 금송로 179
경북청,경산,압량,파출소,경상북도 경산시 압량면 부적길 50
경북청,경산,진량,파출소,경상북도 경산시 진량읍 낙산길 6
경북청,경산,와촌,파출소,경상북도 경산시 와촌면 금송로 419 
경북청,안동,역전,지구대,경상북도 안동시  경동로 690 
경북청,안동,송하,지구대,경상북도 안동시  경동로 278
경북청,안동,태화,지구대,경상북도 안동시  태화2길 7
경북청,안동,길안,파출소,경상북도 안동시 길안면 천지길 41
경북청,안동,풍천,파출소,경상북도 안동시 풍천면 지풍로 1479
경북청,안동,예안,파출소,경상북도 안동시 예안면 임예로 1923 
경북청,안동,풍산,파출소,경상북도 안동시 풍산읍 풍산중앙길 139
경북청,안동,임하,파출소,경상북도 안동시 임하면 충효로 3257 
경북청,안동,남선,파출소,경상북도 안동시 남선면 충효로 3854 
경북청,안동,강남,파출소,경상북도 안동시  강남로 169 
경북청,안동,용상,파출소,경상북도 안동시  경동로 959
경북청,안동,임동,파출소,경상북도 안동시 임동면 챗거리길 25
경북청,안동,일직,파출소,경상북도 안동시 일직면 경북대로 7356
경북청,안동,도산,파출소,경상북도 안동시  도산면 퇴계로 2543
경북청,안동,북후,파출소,경상북도 안동시 북후면 북평로 897 
경북청,안동,와룡,파출소,경상북도 안동시 와룡면  퇴계로 841
경북청,안동,옥동,지구대,경상북도 안동시 광명로 7
경북청,김천,아포,파출소,경상북도 김천시 아포읍 국사길 143 
경북청,김천,지례,파출소,경상북도 김천시 지례면 상부길 107
경북청,김천,대덕,파출소,경상북도 김천시 대덕면 대덕로 761 
경북청,김천,역전,파출소,경상북도 김천시 김천로 119
경북청,김천,구성,파출소,경상북도 김천시 구성면 남김천대로 2327-4 
경북청,김천,중앙,파출소,경상북도 김천시 자산로 41-2
경북청,김천,동부,파출소,경상북도 김천시 영남대로 2009 
경북청,김천,조마,파출소,경상북도 김천시 조마면 강곡1길 22 
경북청,김천,서부,파출소,경상북도 김천시 송설로 106
경북청,김천,직지,파출소,경상북도 김천시 대항면 직지로 182
경북청,김천,북부,파출소,경상북도 김천시 대학로 129
경북청,김천,어모,파출소,경상북도 김천시 어모면 어모로 249
경북청,김천,감문,파출소,경상북도 김천시 감문로 985
경북청,김천,율곡,파출소,경상북도 김천시 혁신6로 75
경북청,영주,신영주,지구대,경상북도 영주시 선비로 66 신영주지구대
경북청,영주,서부,지구대,경상북도 영주시 선비로 205 서부지구대
경북청,영주,동부,지구대,경상북도 영주시 원당로 228 동부지구대
경북청,영주,부석,파출소,경상북도 영주시 부석면 소천로 49 부석파출소
경북청,영주,장수,파출소,경상북도 영주시 장수면 장수로 5 장수파출소
경북청,영주,안정,파출소,경상북도 영주시 신재로 541 안정파출소
경북청,영주,순흥,파출소,경상북도 영주시 순흥면 순흥로 63 순흥파출소
경북청,영주,풍기,파출소,경상북도 영주시 풍기읍 기주로 114 풍기파출소
경북청,영천,금호,파출소,경상북도 영천시 금호읍 금호로 115
경북청,영천,고경,파출소,경상북도 영천시 고경면 호국로 1079
경북청,영천,임고,파출소,경상북도 영천시 임고면 포은로 439
경북청,영천,화산,파출소,경상북도 영천시 화산면 장수로 908
경북청,영천,신녕,파출소,경상북도 영천시 신녕면 장수로 1691
경북청,영천,화남,파출소,경상북도 영천시 화남면 천문로 1599
경북청,영천,북안,파출소,경상북도 영천시 북안면 운북로 2023
경북청,영천,대창,파출소,경상북도 영천시 대창면 금창로 674
경북청,영천,동부,지구대,경상북도 영천시 창신2길13
경북청,영천,남부,파출소,경상북도 영천시 완산로 4-19
경북청,영천,중앙,파출소,경상북도 영천시 최무선로 303
경북청,영천,청통,파출소,경상북도 영천시 청통면 금송로 1025 
경북청,상주,중앙,지구대,경상북도 상주시 상서문로 63 
경북청,상주,동문,지구대,경상북도 상주시 중앙로 371 
경북청,상주,모동,파출소,경상북도 상주시 모동면 용호1길 21 
경북청,상주,화북,파출소,경상북도 상주시 화북면 문장로 1718 
경북청,상주,은척,파출소,경상북도 상주시 은척면 봉중1길 6 
경북청,상주,낙동,파출소,경상북도 상주시 낙동면 영남제일로 105 
경북청,상주,화동,파출소,경상북도 상주시 화동면 이소1길 42 
경북청,상주,사벌,파출소,경상북도 상주시 사벌면 덕담1길 59 
경북청,상주,청리,파출소,경상북도 상주시 청리면 청리중앙로 166-10 
경북청,상주,공성,파출소,경상북도 상주시 공성면 공성중앙로 99 
경북청,상주,공검,파출소,경상북도 상주시 공검면 비재로 1288 
경북청,상주,함창,파출소,경상북도 상주시 함창읍 함창중앙로 112 
경북청,상주,화서,파출소,경상북도 상주시 화서면 화령로 21 
경북청,문경,농암,파출소,경상북도 문경시 농암면 농암길 78
경북청,문경,가은,파출소,경상북도 문경시 가은읍 가은로 137
경북청,문경,산북,파출소,경상북도 문경시 산북면 강동로 14
경북청,문경,산양,파출소,경상북도 문경시 산양면 산양로 107
경북청,문경,점촌,파출소,경상북도 문경시 돈달로 142 
경북청,문경,남부,파출소,경상북도 문경시 모전로 144
경북청,문경,문경,파출소,경상북도 문경시 문경읍 문희로 61
경북청,문경,마성,파출소,경상북도 문경시 호계면 문경대로 1768
경북청,칠곡,왜관,지구대,경상북도 칠곡군 왜관읍 2번도로길 33
경북청,칠곡,석적,지구대,경상북도 칠곡군 석적읍 석적로 965
경북청,칠곡,북삼,지구대,경상북도 칠곡군 북삼읍 인평1길 2
경북청,칠곡,동명,파출소,경상북도 칠곡군 동명면 금암중앙길 21
경북청,칠곡,지천,파출소,경상북도 칠곡군 지천면 신동로 154
경북청,칠곡,가산,파출소,경상북도 칠곡군 동명면 경북대로 1576
경북청,칠곡,약목,파출소,경상북도 칠곡군 약목면 약목로3길 12 
경북청,의성,의성,지구대,경상북도 의성군 의성읍 충효로 65
경북청,의성,안평,파출소,경상북도 의성군 안평면 안평의성로 1
경북청,의성,단밀,파출소,경상북도 의성군 단밀면 주속길 70
경북청,의성,봉양,파출소,경상북도 의성군 봉양면 도리원1길 53
경북청,의성,안계,파출소,경상북도 의성군 안계면 안계길 143
경북청,의성,춘산,파출소,경상북도 의성군 춘산면 금성현서로 1491
경북청,의성,금성,파출소,경상북도 의성군 금성면 탑리길 55
경북청,의성,옥산,파출소,경상북도 의성군 옥산면 신감옥산로 1228-3
경북청,의성,다인,파출소,경상북도 의성군 다인면 서릉길 62
경북청,청도,풍각,파출소,경상북도 청도군 풍각면 헐티로 212 
경북청,청도,이서,파출소,경상북도 청도군 이서면 학산1길 48 
경북청,청도,중앙,파출소,경상북도 청도군 청도읍 청화로 194
경북청,청도,화양,파출소,경상북도 청도군 화양읍 도주관로 142 
경북청,청도,금천,파출소,경상북도 청도군 금천면 금천로 46
경북청,청도,매전,파출소,경상북도 청도군 매전면 청려로 3711 
경북청,영덕,남정,파출소,경상북도 영덕군 남정면 진불길 29
경북청,영덕,영덕,파출소,경상북도 영덕군 영덕읍 중앙길 89
경북청,영덕,강구,파출소,경상북도 영덕군 강구면 동해대로 4482
경북청,영덕,영해,파출소,경상북도 영덕군 영해면 예주2길 9
경북청,영덕,축산,파출소,경상북도 영덕군 축산면 영덕대게로 2049
경북청,영덕,병곡,파출소,경상북도 영덕군 병곡면 병곡길 62
경북청,울진,기성,파출소,경상북도 울진군 기성면 기성로 667 
경북청,울진,북면,파출소,경상북도 울진군 북면 울진북로 2080 북면파출소
경북청,울진,죽변,파출소,경상북도 울진군 죽변면 죽변중앙로 159
경북청,울진,울진,파출소,경상북도 울진군 울진읍 읍내10길 20 
경북청,울진,근남,파출소,경상북도 울진군 근남면 울진북로 147 근남파출소
경북청,울진,후포,파출소,경상북도 울진군 후포면 울진대게로 34-8
경북청,울진,평해,파출소,경상북도 울진군 평해읍 평해로 61
경북청,울진,금강송,파출소,경상북도 울진군 금강송면 불영계곡로 1723 
경북청,봉화,석포,파출소,경상북도 봉화군 석포면 석포로1길 6
경북청,봉화,춘양,파출소,경상북도 봉화군 춘양면 의양로 54
경북청,봉화,소천,파출소,경상북도 봉화군 소천면 소천로 1259
경북청,봉화,명호,파출소,경상북도 봉화군 명호면 노루목재길 24
경북청,봉화,봉화,파출소,경상북도 봉화군 봉화읍 봉화로 1077
경북청,봉화,물야,파출소,경상북도 봉화군 물야면 문수로 981 
경북청,예천,예천,지구대,경상북도 예천군 예천읍 충효로 198
경북청,예천,용궁,파출소,경상북도 예천군 용궁면 용궁로 92
경북청,예천,풍양,파출소,경상북도 예천군 풍양면 낙상1길 60-3
경북청,예천,용문,파출소,경상북도 예천군 용문면 용문경천로 1213 
경북청,예천,호명,지구대,경상북도 예천군 호명면 호명로 547번지
경북청,예천,지보,파출소,경상북도 예천군 지보면 지보로 151
경북청,예천,감천,파출소,경상북도 예천군 예천읍 충효로 1385
경북청,예천,은풍,파출소,경상북도 예천군 은풍면 은풍로 85 
경북청,성주,벽진,파출소,경상북도 성주군 벽진면 벽봉로 17
경북청,성주,수륜,파출소,경상북도 성주군 수륜면 참별로 917
경북청,성주,가천,파출소,경상북도 성주군 가천면 가천로 73
경북청,성주,초전,파출소,경상북도 성주군 초전면 대장길 111
경북청,성주,선남,파출소,경상북도 성주군 선남면 관화길 90
경북청,성주,용암,파출소,경상북도 성주군 용암면 운용로 1025
경북청,성주,성주,파출소,경상북도 성주군 성주읍 성밖숲길 151
경북청,청송,진보,파출소,경상북도 청송군 진보면 진보로 129 진보파출소
경북청,청송,주왕산,파출소,경상북도 청송군 주왕산면 이전앞길 5
경북청,청송,현동,파출소,경상북도 청송군 현서면 청송로 2667
경북청,청송,안덕,파출소,경상북도 청송군 안덕면 안덕로 95
경북청,청송,현서,파출소,경상북도 청송군 현서면 구산동로 43
경북청,청송,청송,파출소,경상북도 청송군 청송읍 금월로 273
경북청,청송,부남,파출소,경상북도 청송군 부남면 대전로 127
경북청,영양,입암,파출소,경상북도 영양군 입암면 입암로 72
경북청,영양,석보,파출소,경상북도 영양군 석보면 원리길 15
경북청,영양,수비,파출소,경상북도 영양군 수비면 한티로 459 
경북청,영양,청기,파출소,경상북도 영양군 청기면 청기1길 9-6
경북청,영양,영양,파출소,경상북도 영양군 영양읍 동서대로 29
경북청,군위,부계,파출소,경상북도 군위군 부계면 창평길 29 
경북청,군위,의흥,파출소,경상북도 군위군 의흥면 읍내6길 7
경북청,군위,중앙,파출소,경상북도 군위군 군위읍 중앙길 73
경북청,군위,효령,파출소,경상북도 군위군 효령면 치산효령로 2383
경북청,고령,성산,파출소,경상북도 고령군 성산면 성산로 954
경북청,고령,다산,파출소,경상북도 고령군 다산면 평리1길 15-1
경북청,고령,대가야,지구대,경상북도 고령군 대가야읍 시장길 1길 5
경북청,고령,쌍림,파출소,경상북도 고령군 대가야읍 대가야로 610
경북청,울릉,저동,파출소,경상북도 울릉군 울릉읍 봉래2길 30-2 저동파출소
경북청,울릉,도동,파출소,경상북도 울릉군 울릉읍 도동4길 4번지 도동파출소
경북청,울릉,서면,파출소,경상북도 울릉군 서면 남양4길 37
경북청,울릉,북면,파출소,경상북도 울릉군 북면 천부1길 20
경남청,창원중부,신월,지구대,경상남도 창원시 성산구  신사로45번길 35
경남청,창원중부,가음정,지구대,경상남도 창원시 성산구  원이대로863번길 22 
경남청,창원중부,중앙,파출소,경상남도 창원시 성산구  원이대로566번길 27-19
경남청,창원중부,반송,파출소,경상남도 창원시 성산구  원이대로473번길 17
경남청,창원중부,사파,파출소,경상남도 창원시 성산구  대암로 113 
경남청,창원중부,신촌,파출소,경상남도 창원시 성산구  봉양로 408
경남청,창원서부,명곡,지구대,경상남도 창원시 의창구 원이대로261번길 16-19
경남청,창원서부,의창,파출소,경상남도 창원시 의창구 창원대로397번길 30
경남청,창원서부,팔용,파출소,경상남도 창원시 의창구 동읍 의창대로 902
경남청,창원서부,동읍,파출소,경상남도 창원시 의창구 천주로 1127
경남청,창원서부,북면,파출소,경상남도 창원시 의창구 대산면 진산대로 415
경남청,창원서부,대산,파출소,경상남도 창원시 의창구 의창대로266번길 11
경남청,마산중부,신마산,지구대,경상남도 창원시 마산합포구  문화남5길 52
경남청,마산중부,완월,파출소,경상남도 창원시 마산합포구 중앙남11길 12
경남청,마산중부,남성,파출소,경상남도 창원시 마산합포구  3·15대로 295
경남청,마산중부,오동,파출소,경상남도 창원시 마산합포구  천하장사로 111
경남청,마산중부,교방,파출소,경상남도 창원시 마산합포구 교방서1길 40
경남청,마산중부,구산,파출소,경상남도 창원시 마산합포구 구산면 구산로562
경남청,마산중부,진동,파출소,경상남도 창원시 마산합포구 진동면 삼진의거대로 661 
경남청,마산중부,진전,파출소,경상남도 창원시 마산합포구 진전면 대실로 156
경남청,마산동부,합성,지구대,경상남도 창원시 마산회원구  합성남8길 21
경남청,마산동부,양덕,지구대,경상남도 창원시 마산회원구  양덕동2길 6 양덕파출소
경남청,마산동부,석전,파출소,경상남도 창원시 마산회원구  석전동6길 20
경남청,마산동부,산호,파출소,경상남도 창원시 마산합포구  산호북15길 1
경남청,마산동부,회원,파출소,경상남도 창원시 마산회원구 회원남25길 73
경남청,마산동부,삼계,파출소,경상남도 창원시 마산회원구 내서읍 삼계로 32 (삼계파출소)
경남청,마산동부,중리,파출소,경상남도 창원시 마산회원구 내서읍 호원로164
경남청,진주,비봉,지구대,경상남도 진주시  비봉로33번길 2 
경남청,진주,상대,지구대,경상남도 진주시  동진로 263
경남청,진주,남강,지구대,경상남도 진주시  창렬로7번길 14
경남청,진주,진양호,지구대,경상남도 진주시  평거로 42
경남청,진주,하대,지구대,경상남도 진주시  대신로 323-6
경남청,진주,개양,파출소,경상남도 진주시  진주대로 560
경남청,진주,충무공,파출소,경상남도 진주시 충무공동 충의로 149
경남청,진주,문산,파출소,경상남도 진주시 문산읍 동부로587번길 1
경남청,진주,금산,파출소,경상남도 진주시 금산면 금산로 111
경남청,진주,일반성,파출소,경상남도 진주시 일반성면 창촌길 27-1
경남청,진주,지수,파출소,경상남도 진주시 지수면 지수로 492
경남청,진주,수곡,파출소,경상남도 진주시 수곡면 곤수로 903
경남청,진주,대곡,파출소,경상남도 진주시 대곡면 진의로 1065 
경남청,김해중부,연지,지구대,경상남도 김해시 내외중앙로 118
경남청,김해중부,신어,지구대,김해시 삼안로217번길 32
경남청,김해중부,왕릉,지구대,경상남도 김해시 해반천로169번길 8
경남청,김해중부,중앙,지구대,경상남도 김해시 가락로 30 
경남청,김해중부,상동,파출소,경상남도 김해시 상동면 상동로 553
경남청,김해중부,대동,파출소,경상남도 김해시 대동면 대동로 595
경남청,김해중부,생림,파출소,경상남도 김해시 봉림로 21 
경남청,김해서부,장유,지구대,경상남도 김해시  계동로 102번길 19
경남청,김해서부,한림,파출소,경상남도 김해시 한림면 한림로 449 한림파출소
경남청,김해서부,주촌,파출소,경상남도 김해시 주촌면 서부로1638번길 주촌파출소
경남청,김해서부,진례,파출소,경상남도 김해시 진례면 진례로 235
경남청,김해서부,칠산,파출소,경상남도 김해시  칠산로459번길 15
경남청,김해서부,진영,파출소,경상남도 김해시 진영읍 진영로 167
경남청,김해서부,율하,파출소,경상남도 김해시 율하숲길 12
경남청,양산,물금,지구대,경상남도 양산시 물금읍 가촌로 61
경남청,양산,증산,파출소,경남상남도 양산시 물금읍 증산리 1747-1
경남청,양산,덕계,파출소,경상남도 양산시  덕계로 95
경남청,양산,서창,파출소,경상남도 양산시 삼호로 158
경남청,양산,중앙,파출소,경상남도 양산시 북안남5길 11-16
경남청,양산,삼성,파출소,경상남도 양산시  북정11길 4 
경남청,양산,동면,파출소,경상남도 양산시 동면 내송로 39 
경남청,양산,상북,파출소,경상남도 양산시 상북면 상북중앙로 394
경남청,양산,하북,파출소,경상남도 양산시 하북면 신평로 24
경남청,양산,양주,파출소,경상남도 양산시  양주로 34
경남청,양산,소주,파출소,경상남도 양산시 대평들 1길 9-17
경남청,양산,평산,파출소,경산남도 양산시 평산로 79
경남청,거제,신현,지구대,경상남도 거제시  고현천로 135
경남청,거제,옥포,지구대,경상남도 거제시  옥포로22길 21
경남청,거제,장평,지구대,경상남도 거제시  장평1로 154
경남청,거제,장승포,지구대,경상남도 거제시  장승로 109
경남청,거제,아주,지구대,경상남도 거제시  아주로 47
경남청,거제,연초,파출소,경상남도 거제시 연초면 거제대로 4275 
경남청,거제,거제,파출소,경상남도 거제시 남부면 거제남서로 3431 
경남청,거제,동부,파출소,경상남도 거제시 남부면 거제남서로 3118 
경남청,거제,장목,파출소,경상남도 거제시 장목면 거제북로 1165
경남청,진해,덕산,지구대,"경상남도 창원시 진해구  덕산로 36번길 9, 덕산지구대"
경남청,진해,용원,파출소,"경상남도 창원시 진해구  용원로41번길 12, 용원파출소"
경남청,진해,충무,파출소,"경상남도 창원시 진해구  벚꽃로 36, 충무파출소"
경남청,진해,경화,파출소,"경상남도 창원시 진해구  충장로 329, 경화파출소"
경남청,진해,웅동,파출소,"경상남도 창원시 진해구  웅동로57번가길 5, 웅동파출소"
경남청,진해,자은,파출소,"경상남도 창원시 진해구 장복대로 157, 자은파출소"
경남청,통영,광도,지구대,경상남도 통영시 광도면 죽림3로 25
경남청,통영,북신,지구대,경상남도 통영시  무전대로 40
경남청,통영,미수,지구대,경상남도 통영시  운하2길 17
경남청,통영,중앙,지구대,경상남도 통영시  중앙로 170
경남청,통영,산양,파출소,경상남도 통영시 산양읍 산양중앙로 1
경남청,통영,욕지,파출소,경상남도 통영시 욕지면 천왕로 29
경남청,통영,한산,파출소,경상남도 통영시 한산면 한산일주로 840-1
경남청,통영,사량,파출소,경상남도 통영시 사량면 진촌2길 17
경남청,사천,삼천포,지구대,경상남도 사천시  중앙로 89(동금동)
경남청,사천,사천,지구대,경상남도 사천시 사천읍 평화2길 31(평화리)
경남청,사천,용현,파출소,경상남도 사천시  진삼로 635(송지리)
경남청,사천,남양,파출소,경상남도 사천시  진삼로 122(송포동)
경남청,사천,사남,파출소,경상남도 사천시  진삼로 1101(죽천리)
경남청,사천,곤양,파출소,경상남도 사천시 곤양면 성내공원길 8(성내리)
경남청,사천,서포,파출소,경상남도 사천시 서포면 서포로 284-16(구평리)
경남청,사천,곤명,파출소,경상남도 사천시 곤명면 곤명1로 105(봉계리)
경남청,밀양,중앙,지구대,경상남도 밀양시 상남면 밀양대로 1881
경남청,밀양,역전,파출소,경상남도 밀양시  중앙로 60
경남청,밀양,하남,파출소,경상남도 밀양시 하남읍 수산중앙로 41-1
경남청,밀양,삼랑진,파출소,경상남도 밀양시 삼랑진읍 천태로 70
경남청,밀양,상남,파출소,경상남도 밀양시 상남면 밀양대로 1495
경남청,밀양,무안,파출소,경상남도 밀양시 무안면 사명로 543
경남청,밀양,부북,파출소,경상남도 밀양시 부북면 부북로 41
경남청,밀양,산외,파출소,경상남도 밀양시 산외면 산외로 429
경남청,밀양,산내,파출소,경상남도 밀양시 산내면 산내로 323-1
경남청,밀양,단장,파출소,경상남도 밀양시 단장면 표충로 356
경남청,거창,아림,지구대,경상남도 거창군 거창읍 중앙로1길 20-5
경남청,거창,원학,파출소,경상남도 거창군 위천면 장터길 22-5
경남청,거창,가조,파출소,경상남도 거창군 거창읍 가조가야로 1079 
경남청,거창,웅양,파출소,경상남도 거창군 웅양면 웅양로 1432
경남청,거창,남상,파출소,경상남도 거창군 남상면 수남로 1845
경남청,거창,신원,파출소,경상남도 거창군 신원면 과정리 187-7
경남청,거창,고제,파출소,경상남도 거창군 고제면 입석2길 14번지
경남청,합천,중부,지구대,경상남도 합천군 합천읍 충효로 106-5
경남청,합천,가야,파출소,경상남도 합천군 가야면 가야시장로 19
경남청,합천,대병,파출소,경상남도 합천군 대병면 신성동길 20
경남청,합천,삼가,파출소,경상남도 합천군 삼가면 삼가1로 73
경남청,합천,야로,파출소,경상남도 합천군 야로면 가야산로 343
경남청,합천,봉산,파출소,경상남도 합천군 봉산면 서부로 4337 봉산파출소
경남청,합천,동부,파출소,경상남도 합천군 초계면 초계중앙로 43번지
경남청,창녕,영산,지구대,경상남도 창녕군 영산면 영산계성로 96
경남청,창녕,창녕읍,파출소,경상남도 창녕군 창녕읍 종로 61
경남청,창녕,남지,파출소,경상남도 창녕군 남지읍 선창길 9
경남청,창녕,부곡,파출소,경상남도 창녕군 부곡면 원앙로 188
경남청,창녕,대합,파출소,경상남도 창녕군 대합면 창한로 121
경남청,창녕,유어,파출소,경상남도 창녕군 유어면 우포1대로 563
경남청,창녕,이방,파출소,경상남도 창녕군 이방면 뒷골길 뒷골길3
경남청,고성,공룡,지구대,경상남도 고성군 대가면 대가로 27
경남청,고성,동해,파출소,경상남도 고성군 동해면 장기3길 136
경남청,고성,거류,파출소,경상남도 고성군 거류면 거류로 655
경남청,고성,회화,파출소,경상남도 고성군 회화면 배둔로19
경남청,고성,하이,파출소,경상남도 고성군 하이면 남일로 433
경남청,고성,상리,파출소,경상남도 고성군 상리면 척번정1길 98
경남청,고성,영오,파출소,경상남도 고성군 영오면 영산1길 11
경남청,하동,화개,파출소,경상남도 하동군 화개면 쌍계로 8
경남청,하동,악양,파출소,경상남도 하동군 악양면 악양서로 343
경남청,하동,횡천,파출소,경상남도 하동군 하동읍 경서대로 1207
경남청,하동,금남,파출소,경상남도 하동군 금남면 제먼당길 99
경남청,하동,금성,파출소,경상남도 하동군 금성면 금성중앙길 2 
경남청,하동,옥종,파출소,경상남도 하동군 옥종면 은행나무길 78
경남청,하동,읍내,파출소,경상남도 하동군 하동읍 중앙로 36
경남청,하동,진교,파출소,경상남도 하동군 진교면 민다리안길 114
경남청,남해,중앙,지구대,경상남도 남해군 남해읍 화전로96번길 30 중앙지구대
경남청,남해,창선,파출소,경상남도 남해군 창선면 창선로 99 창선파출소
경남청,남해,고현,파출소,경상남도 남해군 고현면 탑동로 75-4 고현파출소
경남청,남해,미조,파출소,경상남도 남해군 미조면 미송로 52 미조파출소
경남청,남해,삼동,파출소,경상남도 남해군 삼동면 동부대로1876번길 8 삼동파출소
경남청,남해,남면,파출소,경상남도 남해군 남면 남서대로 774 남면파출소
경남청,함양,읍내,파출소,경상남도 함양군 함양읍 교산4길 11
경남청,함양,안의,파출소,경상남도 함양군 안의면 금성길 15
경남청,함양,서상,파출소,경상남도 함양군 서상면 서상로 299-1
경남청,함양,수동,파출소,경상남도 함양군 수동면 수동길 11
경남청,함양,유림,파출소,경상남도 함양군 유림면 천왕봉로 2883
경남청,함양,백전,파출소,경상남도 함양군 백전면 구산대안로 10
경남청,함양,마천,파출소,경상남도 함양군 마천면 천왕봉로 1157
경남청,산청,경호,지구대,경상남도 산청군 산청읍 중앙로 34 
경남청,산청,시천,파출소,경상남도 산청군 시천면 덕산대포로 7-2
경남청,산청,단성,파출소,경상남도 산청군 단성면 목화로 1006
경남청,산청,신안,파출소,경상남도 산청군 신안면 지리산대로 3477
경남청,산청,신등,파출소,경상남도 산청군 신등면 신등가회로 21
경남청,함안,대산,파출소,경상남도 함안군 대산면 대산중앙로 174
경남청,함안,법수,파출소,경상남도 함안군 법수면 우거북길 48
경남청,함안,함안,파출소,경상남도 함안군 함안면 함안대로 111 
경남청,함안,칠서,파출소,경상남도 함안군 칠서면 청계2길 27
경남청,함안,군북,파출소,경상남도 함안군 군북면 함마대로 822
경남청,함안,가야,지구대,경상남도 함안군 가야읍 가야로 24
경남청,함안,칠원,지구대,경상남도 함안군 칠원읍 구성길 9
경남청,의령,중부,지구대,경남 의령군 의령읍 의병로 176
경남청,의령,유곡,파출소,경남 의령군 유곡면 마장로18-1
경남청,의령,정곡,파출소,경남 의령군 정곡면 법정로 930
경남청,의령,지정,파출소,경남 의령군 지정면 함의로 1527
경남청,의령,칠곡,파출소,경남 의령군 칠곡면 칠곡로 32
경남청,의령,화정,파출소,경남 의령군 화정면 화정로 297
경남청,의령,부림,파출소,경남 의령군 부림면 대한로 1757
제주청,제주동부,중앙,지구대,제주특별자치도 제주시  북성로 3
제주청,제주동부,남문,지구대,제주특별자치도 제주시  연신로 6
제주청,제주동부,오라,지구대,제주특별자치도 제주시  서광로 182
제주청,제주동부,삼양,지구대,제주특별자치도 제주시  일주동로 397
제주청,제주동부,아라,파출소,제주특별자치도 제주시 중앙로 609
제주청,제주동부,조천,파출소,제주특별자치도 제주시 조천읍 신북로 265
제주청,제주동부,함덕,파출소,제주특별자치도 제주시 조천읍 신북로 신북로 515
제주청,제주동부,구좌,파출소,제주특별자치도 제주시 구좌읍 구좌로 45
제주청,제주동부,추자,파출소,제주특별자치도 제주시 추자면 대서3길 2
제주청,제주동부,우도,파출소,제주특별자치도 제주시 우도면 우도로 21
제주청,제주서부,연동,지구대,제주특별자치도 제주시  신대로 97
제주청,제주서부,노형,지구대,제주특별자치도 제주시  광평동로 4
제주청,제주서부,하귀,파출소,제주특별자치도 제주시 애월읍 하귀로 47
제주청,제주서부,애월,파출소,제주특별자치도 제주시 애월읍 애월로 116-1
제주청,제주서부,한림,파출소,제주특별자치도 제주시 한림읍 한림로 651
제주청,제주서부,한경,파출소,제주특별자치도 제주시 한경면 두신로 133
제주청,제주서부,외도,파출소,제주특별자치도 내도동 723
제주청,서귀포,중동,지구대,제주특별자치도 서귀포시  태평로 552
제주청,서귀포,남원,파출소,제주특별자치도 서귀포시 남원읍 태위로 702
제주청,서귀포,성산,파출소,제주특별자치도 서귀포시 성산읍 성산중앙로 53 성산파출소
제주청,서귀포,표선,파출소,제주특별자치도 서귀포시 표선면 표선동서로 217
제주청,서귀포,안덕,파출소,제주특별자치도 서귀포시 안덕면 화순로 116
제주청,서귀포,대정,파출소,제주특별자치도 서귀포시 대정읍 상모로 310 
제주청,서귀포,중문,파출소,제주특별자치도 서귀포시  천제연로 165
제주청,서귀포,대신,파출소,제주특별자치도 서귀포시  신서귀로51번길 18
제주청,서귀포,효돈,파출소,제주특별자치도 서귀포시  효돈로 171-1
